sequence_path,sequence_idx,split,segment_idx,label,snippet_path,start_frame,end_frame,duration_frames,start_s,end_s,duration_s,truncated
data\results\sequences_low_freq\train\sequence_0.npy,0,train,0,Nothing,data\results\fragments_combined\fragments_32khz\Nothing\26D01659_idx290.npy,0,15,15,0.0,1.5,1.5,False
data\results\sequences_low_freq\train\sequence_0.npy,0,train,1,G01,data\results\fragments_combined\fragments_32khz\G01\B92C2233_idx224.npy,15,70,55,1.5,7.0,5.5,False
data\results\sequences_low_freq\train\sequence_0.npy,0,train,2,Nothing,data\results\fragments_combined\fragments_32khz\Nothing\B92C2231_idx592.npy,70,95,25,7.0,9.5,2.5,False
data\results\sequences_low_freq\train\sequence_0.npy,0,train,3,Nothing,data\results\fragments_combined\fragments_32khz\Nothing\279C2223_idx437.npy,95,159,64,9.5,15.9,6.4,False
data\results\sequences_low_freq\train\sequence_0.npy,0,train,4,G01,data\results\fragments_combined\fragments_32khz\G01\B92C2231_idx208.npy,159,600,441,15.9,60.0,44.1,False
data\results\sequences_low_freq\train\sequence_0.npy,0,train,5,Nothing,data\results\fragments_combined\fragments_32khz\Nothing\B92C2614_idx622.npy,600,629,29,60.0,62.9,2.9,False
data\results\sequences_low_freq\train\sequence_0.npy,0,train,6,Nothing,data\results\fragments_combined\fragments_32khz\Nothing\26D02019_idx300.npy,629,667,38,62.9,66.7,3.8,False
data\results\sequences_low_freq\train\sequence_0.npy,0,train,7,Nothing,data\results\fragments_combined\fragments_32khz\Nothing\279C2981_idx481.npy,667,691,24,66.7,69.1,2.4,False
data\results\sequences_low_freq\train\sequence_0.npy,0,train,8,G01,data\results\fragments_combined\fragments_32khz\G01\B92C0091_idx147.npy,691,703,12,69.1,70.3,1.2,False
data\results\sequences_low_freq\train\sequence_0.npy,0,train,9,Nothing,data\results\fragments_combined\fragments_32khz\Nothing\B92C2232_idx594.npy,703,777,74,70.3,77.7,7.4,False
data\results\sequences_low_freq\train\sequence_0.npy,0,train,10,Nothing,data\results\fragments_combined\fragments_32khz\Nothing\279C0446_idx364.npy,777,868,91,77.7,86.8,9.1,False
data\results\sequences_low_freq\train\sequence_0.npy,0,train,11,Nothing,data\results\fragments_combined\fragments_32khz\Nothing\B92C0105_idx518.npy,868,893,25,86.8,89.3,2.5,False
data\results\sequences_low_freq\train\sequence_0.npy,0,train,12,G01,data\results\fragments_combined\fragments_32khz\G01\B92C0763_idx180.npy,893,901,8,89.3,90.1,0.8,False
data\results\sequences_low_freq\train\sequence_0.npy,0,train,13,Nothing,data\results\fragments_combined\fragments_32khz\Nothing\B92C2606_idx606.npy,901,998,97,90.1,99.8,9.7,False
data\results\sequences_low_freq\train\sequence_0.npy,0,train,14,Nothing,data\results\fragments_combined\fragments_32khz\Nothing\B92C0763_idx527.npy,998,1087,89,99.8,108.7,8.9,False
data\results\sequences_low_freq\train\sequence_0.npy,0,train,15,G01,data\results\fragments_combined\fragments_32khz\G01\B92C2228_idx203.npy,1087,1100,13,108.7,110.0,1.3,False
data\results\sequences_low_freq\train\sequence_0.npy,0,train,16,G01,data\results\fragments_combined\fragments_32khz\G01\B92C1525_idx199.npy,1100,1240,140,110.0,124.0,14.0,False
data\results\sequences_low_freq\train\sequence_0.npy,0,train,17,Nothing,data\results\fragments_combined\fragments_32khz\Nothing\279C0454_idx375.npy,1240,1277,37,124.0,127.7,3.7,False
data\results\sequences_low_freq\train\sequence_0.npy,0,train,18,Nothing,data\results\fragments_combined\fragments_32khz\Nothing\B92C0100_idx505.npy,1277,1347,70,127.7,134.7,7.0,False
data\results\sequences_low_freq\train\sequence_0.npy,0,train,19,G01,data\results\fragments_combined\fragments_32khz\G01\279C0760_idx72.npy,1347,1351,4,134.7,135.1,0.4,False
data\results\sequences_low_freq\train\sequence_0.npy,0,train,20,G01,data\results\fragments_combined\fragments_32khz\G01\26D02000_idx25.npy,1351,1355,4,135.1,135.5,0.4,False
data\results\sequences_low_freq\train\sequence_0.npy,0,train,21,G01,data\results\fragments_combined\fragments_32khz\G01\B92C0763_idx179.npy,1355,1368,13,135.5,136.8,1.3,False
data\results\sequences_low_freq\train\sequence_0.npy,0,train,22,Nothing,data\results\fragments_combined\fragments_32khz\Nothing\B92C2979_idx659.npy,1368,1415,47,136.8,141.5,4.7,False
data\results\sequences_low_freq\train\sequence_0.npy,0,train,23,G01,data\results\fragments_combined\fragments_32khz\G01\279C2227_idx98.npy,1415,1447,32,141.5,144.7,3.2,False
data\results\sequences_low_freq\train\sequence_0.npy,0,train,24,G01,data\results\fragments_combined\fragments_32khz\G01\B92C0096_idx159.npy,1447,1455,8,144.7,145.5,0.8,False
data\results\sequences_low_freq\train\sequence_0.npy,0,train,25,Nothing,data\results\fragments_combined\fragments_32khz\Nothing\B92C0096_idx499.npy,1455,1496,41,145.5,149.6,4.1,False
data\results\sequences_low_freq\train\sequence_0.npy,0,train,26,G01,data\results\fragments_combined\fragments_32khz\G01\279C2223_idx92.npy,1496,1503,7,149.6,150.3,0.7,False
data\results\sequences_low_freq\train\sequence_0.npy,0,train,27,G01,data\results\fragments_combined\fragments_32khz\G01\279C0770_idx75.npy,1503,1520,17,150.3,152.0,1.7,False
data\results\sequences_low_freq\train\sequence_0.npy,0,train,28,G01,data\results\fragments_combined\fragments_32khz\G01\279C1870_idx83.npy,1520,1623,103,152.0,162.3,10.3,False
data\results\sequences_low_freq\train\sequence_0.npy,0,train,29,Nothing,data\results\fragments_combined\fragments_32khz\Nothing\B92C2974_idx639.npy,1623,1661,38,162.3,166.1,3.8,False
data\results\sequences_low_freq\train\sequence_0.npy,0,train,30,Nothing,data\results\fragments_combined\fragments_32khz\Nothing\279C1870_idx420.npy,1661,1686,25,166.1,168.6,2.5,False
data\results\sequences_low_freq\train\sequence_0.npy,0,train,31,Nothing,data\results\fragments_combined\fragments_32khz\Nothing\279C0440_idx339.npy,1686,1705,19,168.6,170.5,1.9,False
data\results\sequences_low_freq\train\sequence_0.npy,0,train,32,G01,data\results\fragments_combined\fragments_32khz\G01\279C0444_idx54.npy,1705,1711,6,170.5,171.1,0.6,False
data\results\sequences_low_freq\train\sequence_0.npy,0,train,33,Nothing,data\results\fragments_combined\fragments_32khz\Nothing\B92C2229_idx584.npy,1711,1808,97,171.1,180.8,9.7,False
data\results\sequences_low_freq\train\sequence_0.npy,0,train,34,G01,data\results\fragments_combined\fragments_32khz\G01\26D01643_idx12.npy,1808,1819,11,180.8,181.9,1.1,False
data\results\sequences_low_freq\train\sequence_0.npy,0,train,35,G01,data\results\fragments_combined\fragments_32khz\G01\B92C0096_idx161.npy,1819,1823,4,181.9,182.3,0.4,False
data\results\sequences_low_freq\train\sequence_0.npy,0,train,36,G01,data\results\fragments_combined\fragments_32khz\G01\279C1871_idx87.npy,1823,1834,11,182.3,183.4,1.1,False
data\results\sequences_low_freq\train\sequence_0.npy,0,train,37,Nothing,data\results\fragments_combined\fragments_32khz\Nothing\B92C0092_idx495.npy,1834,1884,50,183.4,188.4,5.0,False
data\results\sequences_low_freq\train\sequence_0.npy,0,train,38,G01,data\results\fragments_combined\fragments_32khz\G01\279C0439_idx39.npy,1884,1973,89,188.4,197.3,8.9,False
data\results\sequences_low_freq\train\sequence_0.npy,0,train,39,G01,data\results\fragments_combined\fragments_32khz\G01\B92C2233_idx223.npy,1973,2312,339,197.3,231.2,33.9,False
data\results\sequences_low_freq\train\sequence_0.npy,0,train,40,Nothing,data\results\fragments_combined\fragments_32khz\Nothing\279C0461_idx379.npy,2312,2384,72,231.2,238.4,7.2,False
data\results\sequences_low_freq\train\sequence_0.npy,0,train,41,Nothing,data\results\fragments_combined\fragments_32khz\Nothing\26D01643_idx275.npy,2384,2442,58,238.4,244.2,5.8,False
data\results\sequences_low_freq\train\sequence_0.npy,0,train,42,Nothing,data\results\fragments_combined\fragments_32khz\Nothing\279C2227_idx448.npy,2442,2523,81,244.2,252.3,8.1,False
data\results\sequences_low_freq\train\sequence_0.npy,0,train,43,G01,data\results\fragments_combined\fragments_32khz\G01\B92C1525_idx197.npy,2523,2549,26,252.3,254.9,2.6,False
data\results\sequences_low_freq\train\sequence_0.npy,0,train,44,Nothing,data\results\fragments_combined\fragments_32khz\Nothing\B92C0088_idx485.npy,2549,2648,99,254.9,264.8,9.9,False
data\results\sequences_low_freq\train\sequence_0.npy,0,train,45,Nothing,data\results\fragments_combined\fragments_32khz\Nothing\B92C0756_idx521.npy,2648,2725,77,264.8,272.5,7.7,False
data\results\sequences_low_freq\train\sequence_0.npy,0,train,46,G01,data\results\fragments_combined\fragments_32khz\G01\B92C2978_idx241.npy,2725,2748,23,272.5,274.8,2.3,False
data\results\sequences_low_freq\train\sequence_0.npy,0,train,47,G01,data\results\fragments_combined\fragments_32khz\G01\B92C0777_idx183.npy,2748,2762,14,274.8,276.2,1.4,False
data\results\sequences_low_freq\train\sequence_0.npy,0,train,48,G01,data\results\fragments_combined\fragments_32khz\G01\279C0444_idx51.npy,2762,2766,4,276.2,276.6,0.4,False
data\results\sequences_low_freq\train\sequence_0.npy,0,train,49,Nothing,data\results\fragments_combined\fragments_32khz\Nothing\26D02000_idx296.npy,2766,2811,45,276.6,281.1,4.5,False
data\results\sequences_low_freq\train\sequence_0.npy,0,train,50,G01,data\results\fragments_combined\fragments_32khz\G01\279C1871_idx88.npy,2811,3279,468,281.1,327.9,46.8,False
data\results\sequences_low_freq\train\sequence_0.npy,0,train,51,Nothing,data\results\fragments_combined\fragments_32khz\Nothing\279C0446_idx366.npy,3279,3359,80,327.9,335.9,8.0,False
data\results\sequences_low_freq\train\sequence_0.npy,0,train,52,Nothing,data\results\fragments_combined\fragments_32khz\Nothing\279C0444_idx357.npy,3359,3412,53,335.9,341.2,5.3,False
data\results\sequences_low_freq\train\sequence_0.npy,0,train,53,Nothing,data\results\fragments_combined\fragments_32khz\Nothing\279C1506_idx400.npy,3412,3511,99,341.2,351.1,9.9,False
data\results\sequences_low_freq\train\sequence_0.npy,0,train,54,G01,data\results\fragments_combined\fragments_32khz\G01\279C0461_idx71.npy,3511,3556,45,351.1,355.6,4.5,False
data\results\sequences_low_freq\train\sequence_0.npy,0,train,55,Nothing,data\results\fragments_combined\fragments_32khz\Nothing\26D01636_idx267.npy,3556,3638,82,355.6,363.8,8.2,False
data\results\sequences_low_freq\train\sequence_0.npy,0,train,56,Nothing,data\results\fragments_combined\fragments_32khz\Nothing\279C0768_idx390.npy,3638,3732,94,363.8,373.2,9.4,False
data\results\sequences_low_freq\train\sequence_0.npy,0,train,57,Nothing,data\results\fragments_combined\fragments_32khz\Nothing\26D01286_idx259.npy,3732,3756,24,373.2,375.6,2.4,False
data\results\sequences_low_freq\train\sequence_0.npy,0,train,58,G01,data\results\fragments_combined\fragments_32khz\G01\B92C0092_idx155.npy,3756,3766,10,375.6,376.6,1.0,False
data\results\sequences_low_freq\train\sequence_0.npy,0,train,59,Nothing,data\results\fragments_combined\fragments_32khz\Nothing\279C0246_idx310.npy,3766,3841,75,376.6,384.1,7.5,False
data\results\sequences_low_freq\train\sequence_0.npy,0,train,60,G01,data\results\fragments_combined\fragments_32khz\G01\279C0252_idx29.npy,3841,3892,51,384.1,389.2,5.1,False
data\results\sequences_low_freq\train\sequence_0.npy,0,train,61,Nothing,data\results\fragments_combined\fragments_32khz\Nothing\279C1870_idx421.npy,3892,3945,53,389.2,394.5,5.3,False
data\results\sequences_low_freq\train\sequence_0.npy,0,train,62,G01,data\results\fragments_combined\fragments_32khz\G01\26D02019_idx26.npy,3945,3985,40,394.5,398.5,4.0,False
data\results\sequences_low_freq\train\sequence_0.npy,0,train,63,Nothing,data\results\fragments_combined\fragments_32khz\Nothing\B92C0100_idx504.npy,3985,3991,6,398.5,399.1,0.6,False
data\results\sequences_low_freq\train\sequence_0.npy,0,train,64,Nothing,data\results\fragments_combined\fragments_32khz\Nothing\B92C0756_idx520.npy,3991,4036,45,399.1,403.6,4.5,False
data\results\sequences_low_freq\train\sequence_0.npy,0,train,65,G01,data\results\fragments_combined\fragments_32khz\G01\279C2230_idx116.npy,4036,4092,56,403.6,409.2,5.6,False
data\results\sequences_low_freq\train\sequence_0.npy,0,train,66,Nothing,data\results\fragments_combined\fragments_32khz\Nothing\279C0446_idx365.npy,4092,4174,82,409.2,417.4,8.2,False
data\results\sequences_low_freq\train\sequence_0.npy,0,train,67,G01,data\results\fragments_combined\fragments_32khz\G01\279C0444_idx52.npy,4174,4187,13,417.4,418.7,1.3,False
data\results\sequences_low_freq\train\sequence_0.npy,0,train,68,G01,data\results\fragments_combined\fragments_32khz\G01\279C0246_idx28.npy,4187,4604,417,418.7,460.4,41.7,False
data\results\sequences_low_freq\train\sequence_0.npy,0,train,69,Nothing,data\results\fragments_combined\fragments_32khz\Nothing\B92C0765_idx530.npy,4604,4674,70,460.4,467.4,7.0,False
data\results\sequences_low_freq\train\sequence_0.npy,0,train,70,Nothing,data\results\fragments_combined\fragments_32khz\Nothing\26D01649_idx285.npy,4674,4739,65,467.4,473.9,6.5,False
data\results\sequences_low_freq\train\sequence_0.npy,0,train,71,Nothing,data\results\fragments_combined\fragments_32khz\Nothing\279C2241_idx462.npy,4739,4838,99,473.9,483.8,9.9,False
data\results\sequences_low_freq\train\sequence_0.npy,0,train,72,G01,data\results\fragments_combined\fragments_32khz\G01\26D01646_idx20.npy,4838,4842,4,483.8,484.2,0.4,False
data\results\sequences_low_freq\train\sequence_0.npy,0,train,73,Nothing,data\results\fragments_combined\fragments_32khz\Nothing\B92C2611_idx610.npy,4842,4941,99,484.2,494.1,9.9,False
data\results\sequences_low_freq\train\sequence_0.npy,0,train,74,Nothing,data\results\fragments_combined\fragments_32khz\Nothing\279C1871_idx427.npy,4941,5014,73,494.1,501.4,7.3,False
data\results\sequences_low_freq\train\sequence_0.npy,0,train,75,G01,data\results\fragments_combined\fragments_32khz\G01\279C2227_idx99.npy,5014,5025,11,501.4,502.5,1.1,False
data\results\sequences_low_freq\train\sequence_0.npy,0,train,76,G01,data\results\fragments_combined\fragments_32khz\G01\B92C0105_idx168.npy,5025,5154,129,502.5,515.4,12.9,False
data\results\sequences_low_freq\train\sequence_0.npy,0,train,77,Nothing,data\results\fragments_combined\fragments_32khz\Nothing\279C0443_idx350.npy,5154,5173,19,515.4,517.3,1.9,False
data\results\sequences_low_freq\train\sequence_0.npy,0,train,78,Nothing,data\results\fragments_combined\fragments_32khz\Nothing\26D01643_idx277.npy,5173,5199,26,517.3,519.9,2.6,False
data\results\sequences_low_freq\train\sequence_0.npy,0,train,79,Nothing,data\results\fragments_combined\fragments_32khz\Nothing\B92C2228_idx583.npy,5199,5269,70,519.9,526.9,7.0,False
data\results\sequences_low_freq\train\sequence_0.npy,0,train,80,G01,data\results\fragments_combined\fragments_32khz\G01\B92C0105_idx169.npy,5269,5459,190,526.9,545.9,19.0,False
data\results\sequences_low_freq\train\sequence_0.npy,0,train,81,Nothing,data\results\fragments_combined\fragments_32khz\Nothing\279C0440_idx342.npy,5459,5475,16,545.9,547.5,1.6,False
data\results\sequences_low_freq\train\sequence_0.npy,0,train,82,Nothing,data\results\fragments_combined\fragments_32khz\Nothing\B92C2233_idx601.npy,5475,5504,29,547.5,550.4,2.9,False
data\results\sequences_low_freq\train\sequence_0.npy,0,train,83,Nothing,data\results\fragments_combined\fragments_32khz\Nothing\B92C2228_idx580.npy,5504,5558,54,550.4,555.8,5.4,False
data\results\sequences_low_freq\train\sequence_0.npy,0,train,84,G01,data\results\fragments_combined\fragments_32khz\G01\B92C2231_idx206.npy,5558,5649,91,555.8,564.9,9.1,False
data\results\sequences_low_freq\train\sequence_0.npy,0,train,85,Nothing,data\results\fragments_combined\fragments_32khz\Nothing\279C2230_idx456.npy,5649,5689,40,564.9,568.9,4.0,False
data\results\sequences_low_freq\train\sequence_0.npy,0,train,86,Nothing,data\results\fragments_combined\fragments_32khz\Nothing\279C2981_idx480.npy,5689,5711,22,568.9,571.1,2.2,False
data\results\sequences_low_freq\train\sequence_0.npy,0,train,87,Nothing,data\results\fragments_combined\fragments_32khz\Nothing\279C1864_idx413.npy,5711,5790,79,571.1,579.0,7.9,False
data\results\sequences_low_freq\train\sequence_0.npy,0,train,88,G01,data\results\fragments_combined\fragments_32khz\G01\B92C2975_idx238.npy,5790,6238,448,579.0,623.8,44.8,False
data\results\sequences_low_freq\train\sequence_0.npy,0,train,89,Nothing,data\results\fragments_combined\fragments_32khz\Nothing\26D02019_idx302.npy,6238,6318,80,623.8,631.8,8.0,False
data\results\sequences_low_freq\train\sequence_0.npy,0,train,90,Nothing,data\results\fragments_combined\fragments_32khz\Nothing\279C1867_idx417.npy,6318,6404,86,631.8,640.4,8.6,False
data\results\sequences_low_freq\train\sequence_0.npy,0,train,91,Nothing,data\results\fragments_combined\fragments_32khz\Nothing\26D01640_idx272.npy,6404,6423,19,640.4,642.3,1.9,False
data\results\sequences_low_freq\train\sequence_0.npy,0,train,92,G01,data\results\fragments_combined\fragments_32khz\G01\279C0450_idx67.npy,6423,6757,334,642.3,675.7,33.4,False
data\results\sequences_low_freq\train\sequence_0.npy,0,train,93,Nothing,data\results\fragments_combined\fragments_32khz\Nothing\279C1506_idx402.npy,6757,6823,66,675.7,682.3,6.6,False
data\results\sequences_low_freq\train\sequence_0.npy,0,train,94,Nothing,data\results\fragments_combined\fragments_32khz\Nothing\279C0252_idx318.npy,6823,6913,90,682.3,691.3,9.0,False
data\results\sequences_low_freq\train\sequence_0.npy,0,train,95,Nothing,data\results\fragments_combined\fragments_32khz\Nothing\279C2241_idx463.npy,6913,7013,100,691.3,701.3,10.0,False
data\results\sequences_low_freq\train\sequence_0.npy,0,train,96,G01,data\results\fragments_combined\fragments_32khz\G01\B92C1526_idx201.npy,7013,7387,374,701.3,738.7,37.4,False
data\results\sequences_low_freq\train\sequence_0.npy,0,train,97,Nothing,data\results\fragments_combined\fragments_32khz\Nothing\279C0454_idx378.npy,7387,7462,75,738.7,746.2,7.5,False
data\results\sequences_low_freq\train\sequence_0.npy,0,train,98,Nothing,data\results\fragments_combined\fragments_32khz\Nothing\279C2624_idx467.npy,7462,7554,92,746.2,755.4,9.2,False
data\results\sequences_low_freq\train\sequence_0.npy,0,train,99,Nothing,data\results\fragments_combined\fragments_32khz\Nothing\26D01659_idx289.npy,7554,7628,74,755.4,762.8,7.4,False
data\results\sequences_low_freq\train\sequence_0.npy,0,train,100,G01,data\results\fragments_combined\fragments_32khz\G01\B92C0091_idx150.npy,7628,7634,6,762.8,763.4,0.6,False
data\results\sequences_low_freq\train\sequence_0.npy,0,train,101,Nothing,data\results\fragments_combined\fragments_32khz\Nothing\B92C1526_idx570.npy,7634,7695,61,763.4,769.5,6.1,False
data\results\sequences_low_freq\train\sequence_0.npy,0,train,102,Nothing,data\results\fragments_combined\fragments_32khz\Nothing\279C0268_idx333.npy,7695,7771,76,769.5,777.1,7.6,False
data\results\sequences_low_freq\train\sequence_0.npy,0,train,103,Nothing,data\results\fragments_combined\fragments_32khz\Nothing\279C2223_idx435.npy,7771,7788,17,777.1,778.8,1.7,False
data\results\sequences_low_freq\train\sequence_0.npy,0,train,104,G01,data\results\fragments_combined\fragments_32khz\G01\279C2227_idx100.npy,7788,7929,141,778.8,792.9,14.1,False
data\results\sequences_low_freq\train\sequence_0.npy,0,train,105,Nothing,data\results\fragments_combined\fragments_32khz\Nothing\279C0454_idx374.npy,7929,8022,93,792.9,802.2,9.3,False
data\results\sequences_low_freq\train\sequence_0.npy,0,train,106,Nothing,data\results\fragments_combined\fragments_32khz\Nothing\B92C0092_idx494.npy,8022,8074,52,802.2,807.4,5.2,False
data\results\sequences_low_freq\train\sequence_0.npy,0,train,107,Nothing,data\results\fragments_combined\fragments_32khz\Nothing\279C2978_idx473.npy,8074,8114,40,807.4,811.4,4.0,False
data\results\sequences_low_freq\train\sequence_0.npy,0,train,108,G01,data\results\fragments_combined\fragments_32khz\G01\B92C2231_idx214.npy,8114,8251,137,811.4,825.1,13.7,False
data\results\sequences_low_freq\train\sequence_0.npy,0,train,109,Nothing,data\results\fragments_combined\fragments_32khz\Nothing\B92C2614_idx619.npy,8251,8342,91,825.1,834.2,9.1,False
data\results\sequences_low_freq\train\sequence_0.npy,0,train,110,Nothing,data\results\fragments_combined\fragments_32khz\Nothing\B92C0776_idx538.npy,8342,8352,10,834.2,835.2,1.0,False
data\results\sequences_low_freq\train\sequence_0.npy,0,train,111,Nothing,data\results\fragments_combined\fragments_32khz\Nothing\26D00033_idx250.npy,8352,8424,72,835.2,842.4,7.2,False
data\results\sequences_low_freq\train\sequence_0.npy,0,train,112,G01,data\results\fragments_combined\fragments_32khz\G01\26D00033_idx3.npy,8424,8445,21,842.4,844.5,2.1,False
data\results\sequences_low_freq\train\sequence_0.npy,0,train,113,Nothing,data\results\fragments_combined\fragments_32khz\Nothing\279C0441_idx348.npy,8445,8521,76,844.5,852.1,7.6,False
data\results\sequences_low_freq\train\sequence_0.npy,0,train,114,Nothing,data\results\fragments_combined\fragments_32khz\Nothing\279C0760_idx385.npy,8521,8551,30,852.1,855.1,3.0,False
data\results\sequences_low_freq\train\sequence_0.npy,0,train,115,Nothing,data\results\fragments_combined\fragments_32khz\Nothing\26D00033_idx253.npy,8551,8592,41,855.1,859.2,4.1,False
data\results\sequences_low_freq\train\sequence_0.npy,0,train,116,G01,data\results\fragments_combined\fragments_32khz\G01\B92C0088_idx144.npy,8592,8603,11,859.2,860.3,1.1,False
data\results\sequences_low_freq\train\sequence_0.npy,0,train,117,Nothing,data\results\fragments_combined\fragments_32khz\Nothing\279C2981_idx479.npy,8603,8646,43,860.3,864.6,4.3,False
data\results\sequences_low_freq\train\sequence_0.npy,0,train,118,Nothing,data\results\fragments_combined\fragments_32khz\Nothing\279C2228_idx449.npy,8646,8731,85,864.6,873.1,8.5,False
data\results\sequences_low_freq\train\sequence_0.npy,0,train,119,Nothing,data\results\fragments_combined\fragments_32khz\Nothing\279C0446_idx368.npy,8731,8780,49,873.1,878.0,4.9,False
data\results\sequences_low_freq\train\sequence_0.npy,0,train,120,G01,data\results\fragments_combined\fragments_32khz\G01\B92C2971_idx233.npy,8780,8805,25,878.0,880.5,2.5,False
data\results\sequences_low_freq\train\sequence_0.npy,0,train,121,Nothing,data\results\fragments_combined\fragments_32khz\Nothing\279C2241_idx460.npy,8805,8830,25,880.5,883.0,2.5,False
data\results\sequences_low_freq\train\sequence_0.npy,0,train,122,G01,data\results\fragments_combined\fragments_32khz\G01\B92C2231_idx217.npy,8830,8837,7,883.0,883.7,0.7,False
data\results\sequences_low_freq\train\sequence_0.npy,0,train,123,G01,data\results\fragments_combined\fragments_32khz\G01\279C2228_idx112.npy,8837,8859,22,883.7,885.9,2.2,False
data\results\sequences_low_freq\train\sequence_0.npy,0,train,124,Nothing,data\results\fragments_combined\fragments_32khz\Nothing\279C0115_idx307.npy,8859,8943,84,885.9,894.3,8.4,False
data\results\sequences_low_freq\train\sequence_0.npy,0,train,125,G01,data\results\fragments_combined\fragments_32khz\G01\B92C0092_idx154.npy,8943,9045,102,894.3,904.5,10.2,False
data\results\sequences_low_freq\train\sequence_0.npy,0,train,126,Nothing,data\results\fragments_combined\fragments_32khz\Nothing\26D01286_idx262.npy,9045,9086,41,904.5,908.6,4.1,False
data\results\sequences_low_freq\train\sequence_0.npy,0,train,127,G01,data\results\fragments_combined\fragments_32khz\G01\279C0440_idx46.npy,9086,9166,80,908.6,916.6,8.0,False
data\results\sequences_low_freq\train\sequence_0.npy,0,train,128,Nothing,data\results\fragments_combined\fragments_32khz\Nothing\279C0268_idx329.npy,9166,9193,27,916.6,919.3,2.7,False
data\results\sequences_low_freq\train\sequence_0.npy,0,train,129,Nothing,data\results\fragments_combined\fragments_32khz\Nothing\279C0265_idx327.npy,9193,9272,79,919.3,927.2,7.9,False
data\results\sequences_low_freq\train\sequence_0.npy,0,train,130,G01,data\results\fragments_combined\fragments_32khz\G01\B92C2232_idx219.npy,9272,9289,17,927.2,928.9,1.7,False
data\results\sequences_low_freq\train\sequence_0.npy,0,train,131,G01,data\results\fragments_combined\fragments_32khz\G01\279C2978_idx130.npy,9289,9302,13,928.9,930.2,1.3,False
data\results\sequences_low_freq\train\sequence_0.npy,0,train,132,G01,data\results\fragments_combined\fragments_32khz\G01\B92C0100_idx165.npy,9302,9335,33,930.2,933.5,3.3,False
data\results\sequences_low_freq\train\sequence_0.npy,0,train,133,Nothing,data\results\fragments_combined\fragments_32khz\Nothing\26D01649_idx287.npy,9335,9427,92,933.5,942.7,9.2,False
data\results\sequences_low_freq\train\sequence_0.npy,0,train,134,G01,data\results\fragments_combined\fragments_32khz\G01\279C2227_idx103.npy,9427,9760,333,942.7,976.0,33.3,False
data\results\sequences_low_freq\train\sequence_0.npy,0,train,135,Nothing,data\results\fragments_combined\fragments_32khz\Nothing\26D00573_idx258.npy,9760,9850,90,976.0,985.0,9.0,False
data\results\sequences_low_freq\train\sequence_0.npy,0,train,136,Nothing,data\results\fragments_combined\fragments_32khz\Nothing\279C1863_idx407.npy,9850,9930,80,985.0,993.0,8.0,False
data\results\sequences_low_freq\train\sequence_0.npy,0,train,137,Nothing,data\results\fragments_combined\fragments_32khz\Nothing\279C0770_idx394.npy,9930,10008,78,993.0,1000.8,7.8,False
data\results\sequences_low_freq\train\sequence_0.npy,0,train,138,G01,data\results\fragments_combined\fragments_32khz\G01\279C0446_idx65.npy,10008,10016,8,1000.8,1001.6,0.8,False
data\results\sequences_low_freq\train\sequence_0.npy,0,train,139,Nothing,data\results\fragments_combined\fragments_32khz\Nothing\279C1871_idx424.npy,10016,10089,73,1001.6,1008.9,7.3,False
data\results\sequences_low_freq\train\sequence_0.npy,0,train,140,G01,data\results\fragments_combined\fragments_32khz\G01\279C2624_idx124.npy,10089,10345,256,1008.9,1034.5,25.6,False
data\results\sequences_low_freq\train\sequence_0.npy,0,train,141,Nothing,data\results\fragments_combined\fragments_32khz\Nothing\279C1867_idx414.npy,10345,10413,68,1034.5,1041.3,6.8,False
data\results\sequences_low_freq\train\sequence_0.npy,0,train,142,Nothing,data\results\fragments_combined\fragments_32khz\Nothing\B92C1161_idx559.npy,10413,10476,63,1041.3,1047.6,6.3,False
data\results\sequences_low_freq\train\sequence_0.npy,0,train,143,Nothing,data\results\fragments_combined\fragments_32khz\Nothing\279C1506_idx399.npy,10476,10556,80,1047.6,1055.6,8.0,False
data\results\sequences_low_freq\train\sequence_0.npy,0,train,144,G01,data\results\fragments_combined\fragments_32khz\G01\279C0439_idx37.npy,10556,10637,81,1055.6,1063.7,8.1,False
data\results\sequences_low_freq\train\sequence_0.npy,0,train,145,Nothing,data\results\fragments_combined\fragments_32khz\Nothing\B92C0100_idx507.npy,10637,10665,28,1063.7,1066.5,2.8,False
data\results\sequences_low_freq\train\sequence_0.npy,0,train,146,Nothing,data\results\fragments_combined\fragments_32khz\Nothing\B92C0088_idx484.npy,10665,10737,72,1066.5,1073.7,7.2,False
data\results\sequences_low_freq\train\sequence_0.npy,0,train,147,G01,data\results\fragments_combined\fragments_32khz\G01\B92C2231_idx207.npy,10737,10859,122,1073.7,1085.9,12.2,False
data\results\sequences_low_freq\train\sequence_0.npy,0,train,148,Nothing,data\results\fragments_combined\fragments_32khz\Nothing\B92C0100_idx508.npy,10859,10946,87,1085.9,1094.6,8.7,False
data\results\sequences_low_freq\train\sequence_0.npy,0,train,149,Nothing,data\results\fragments_combined\fragments_32khz\Nothing\B92C1148_idx544.npy,10946,10983,37,1094.6,1098.3,3.7,False
data\results\sequences_low_freq\train\sequence_0.npy,0,train,150,G01,data\results\fragments_combined\fragments_32khz\G01\279C2978_idx138.npy,10983,10996,13,1098.3,1099.6,1.3,False
data\results\sequences_low_freq\train\sequence_0.npy,0,train,151,G01,data\results\fragments_combined\fragments_32khz\G01\279C2227_idx101.npy,10996,11004,8,1099.6,1100.4,0.8,False
data\results\sequences_low_freq\train\sequence_0.npy,0,train,152,G01,data\results\fragments_combined\fragments_32khz\G01\B92C2978_idx242.npy,11004,11380,376,1100.4,1138.0,37.6,False
data\results\sequences_low_freq\train\sequence_0.npy,0,train,153,Nothing,data\results\fragments_combined\fragments_32khz\Nothing\26D01659_idx292.npy,11380,11441,61,1138.0,1144.1,6.1,False
data\results\sequences_low_freq\train\sequence_0.npy,0,train,154,Nothing,data\results\fragments_combined\fragments_32khz\Nothing\B92C2968_idx631.npy,11441,11499,58,1144.1,1149.9,5.8,False
data\results\sequences_low_freq\train\sequence_0.npy,0,train,155,Nothing,data\results\fragments_combined\fragments_32khz\Nothing\279C0115_idx306.npy,11499,11546,47,1149.9,1154.6,4.7,False
data\results\sequences_low_freq\train\sequence_0.npy,0,train,156,G01,data\results\fragments_combined\fragments_32khz\G01\26D01646_idx18.npy,11546,11551,5,1154.6,1155.1,0.5,False
data\results\sequences_low_freq\train\sequence_0.npy,0,train,157,Nothing,data\results\fragments_combined\fragments_32khz\Nothing\279C1506_idx401.npy,11551,11647,96,1155.1,1164.7,9.6,False
data\results\sequences_low_freq\train\sequence_0.npy,0,train,158,Nothing,data\results\fragments_combined\fragments_32khz\Nothing\B92C2971_idx636.npy,11647,11746,99,1164.7,1174.6,9.9,False
data\results\sequences_low_freq\train\sequence_0.npy,0,train,159,Nothing,data\results\fragments_combined\fragments_32khz\Nothing\279C1870_idx422.npy,11746,11832,86,1174.6,1183.2,8.6,False
data\results\sequences_low_freq\train\sequence_0.npy,0,train,160,G01,data\results\fragments_combined\fragments_32khz\G01\279C2981_idx143.npy,11832,11861,29,1183.2,1186.1,2.9,False
data\results\sequences_low_freq\train\sequence_0.npy,0,train,161,G01,data\results\fragments_combined\fragments_32khz\G01\279C2228_idx114.npy,11861,11871,10,1186.1,1187.1,1.0,False
data\results\sequences_low_freq\train\sequence_0.npy,0,train,162,G01,data\results\fragments_combined\fragments_32khz\G01\26D01636_idx8.npy,11871,11875,4,1187.1,1187.5,0.4,False
data\results\sequences_low_freq\train\sequence_0.npy,0,train,163,Nothing,data\results\fragments_combined\fragments_32khz\Nothing\279C0115_idx304.npy,11875,11935,60,1187.5,1193.5,6.0,False
data\results\sequences_low_freq\train\sequence_0.npy,0,train,164,G01,data\results\fragments_combined\fragments_32khz\G01\279C0443_idx48.npy,11935,11943,8,1193.5,1194.3,0.8,False
data\results\sequences_low_freq\train\sequence_0.npy,0,train,165,G01,data\results\fragments_combined\fragments_32khz\G01\279C2230_idx120.npy,11943,12100,157,1194.3,1210.0,15.7,False
data\results\sequences_low_freq\train\sequence_0.npy,0,train,166,Nothing,data\results\fragments_combined\fragments_32khz\Nothing\B92C0092_idx497.npy,12100,12158,58,1210.0,1215.8,5.8,False
data\results\sequences_low_freq\train\sequence_0.npy,0,train,167,Nothing,data\results\fragments_combined\fragments_32khz\Nothing\279C0446_idx367.npy,12158,12214,56,1215.8,1221.4,5.6,False
data\results\sequences_low_freq\train\sequence_0.npy,0,train,168,G01,data\results\fragments_combined\fragments_32khz\G01\26D00573_idx5.npy,12214,12246,32,1221.4,1224.6,3.2,False
data\results\sequences_low_freq\train\sequence_0.npy,0,train,169,G01,data\results\fragments_combined\fragments_32khz\G01\279C0444_idx55.npy,12246,12253,7,1224.6,1225.3,0.7,False
data\results\sequences_low_freq\train\sequence_0.npy,0,train,170,Nothing,data\results\fragments_combined\fragments_32khz\Nothing\279C0439_idx336.npy,12253,12349,96,1225.3,1234.9,9.6,False
data\results\sequences_low_freq\train\sequence_0.npy,0,train,171,G01,data\results\fragments_combined\fragments_32khz\G01\279C2978_idx133.npy,12349,12362,13,1234.9,1236.2,1.3,False
data\results\sequences_low_freq\train\sequence_0.npy,0,train,172,G01,data\results\fragments_combined\fragments_32khz\G01\B92C0105_idx171.npy,12362,12374,12,1236.2,1237.4,1.2,False
data\results\sequences_low_freq\train\sequence_0.npy,0,train,173,G01,data\results\fragments_combined\fragments_32khz\G01\B92C2977_idx240.npy,12374,12395,21,1237.4,1239.5,2.1,False
data\results\sequences_low_freq\train\sequence_0.npy,0,train,174,Nothing,data\results\fragments_combined\fragments_32khz\Nothing\279C1867_idx415.npy,12395,12401,6,1239.5,1240.1,0.6,False
data\results\sequences_low_freq\train\sequence_0.npy,0,train,175,G01,data\results\fragments_combined\fragments_32khz\G01\26D01643_idx13.npy,12401,12423,22,1240.1,1242.3,2.2,False
data\results\sequences_low_freq\train\sequence_0.npy,0,train,176,G01,data\results\fragments_combined\fragments_32khz\G01\B92C2979_idx245.npy,12423,12497,74,1242.3,1249.7,7.4,False
data\results\sequences_low_freq\train\sequence_0.npy,0,train,177,Nothing,data\results\fragments_combined\fragments_32khz\Nothing\279C0450_idx371.npy,12497,12525,28,1249.7,1252.5,2.8,False
data\results\sequences_low_freq\train\sequence_0.npy,0,train,178,Nothing,data\results\fragments_combined\fragments_32khz\Nothing\279C2624_idx468.npy,12525,12553,28,1252.5,1255.3,2.8,False
data\results\sequences_low_freq\train\sequence_0.npy,0,train,179,G01,data\results\fragments_combined\fragments_32khz\G01\B92C0105_idx173.npy,12553,12593,40,1255.3,1259.3,4.0,False
data\results\sequences_low_freq\train\sequence_0.npy,0,train,180,Nothing,data\results\fragments_combined\fragments_32khz\Nothing\279C1863_idx405.npy,12593,12627,34,1259.3,1262.7,3.4,False
data\results\sequences_low_freq\train\sequence_0.npy,0,train,181,G01,data\results\fragments_combined\fragments_32khz\G01\26D00033_idx0.npy,12627,12671,44,1262.7,1267.1,4.4,False
data\results\sequences_low_freq\train\sequence_0.npy,0,train,182,Nothing,data\results\fragments_combined\fragments_32khz\Nothing\26D01286_idx263.npy,12671,12694,23,1267.1,1269.4,2.3,False
data\results\sequences_low_freq\train\sequence_0.npy,0,train,183,Nothing,data\results\fragments_combined\fragments_32khz\Nothing\B92C2974_idx643.npy,12694,12794,100,1269.4,1279.4,10.0,False
data\results\sequences_low_freq\train\sequence_0.npy,0,train,184,G01,data\results\fragments_combined\fragments_32khz\G01\B92C1149_idx192.npy,12794,12804,10,1279.4,1280.4,1.0,False
data\results\sequences_low_freq\train\sequence_0.npy,0,train,185,G01,data\results\fragments_combined\fragments_32khz\G01\B92C0763_idx177.npy,12804,13039,235,1280.4,1303.9,23.5,False
data\results\sequences_low_freq\train\sequence_0.npy,0,train,186,Nothing,data\results\fragments_combined\fragments_32khz\Nothing\B92C0100_idx506.npy,13039,13130,91,1303.9,1313.0,9.1,False
data\results\sequences_low_freq\train\sequence_0.npy,0,train,187,Nothing,data\results\fragments_combined\fragments_32khz\Nothing\B92C2232_idx597.npy,13130,13224,94,1313.0,1322.4,9.4,False
data\results\sequences_low_freq\train\sequence_0.npy,0,train,188,G01,data\results\fragments_combined\fragments_32khz\G01\279C2227_idx96.npy,13224,13293,69,1322.4,1329.3,6.9,False
data\results\sequences_low_freq\train\sequence_0.npy,0,train,189,Nothing,data\results\fragments_combined\fragments_32khz\Nothing\279C0441_idx345.npy,13293,13338,45,1329.3,1333.8,4.5,False
data\results\sequences_low_freq\train\sequence_0.npy,0,train,190,Nothing,data\results\fragments_combined\fragments_32khz\Nothing\279C0246_idx309.npy,13338,13407,69,1333.8,1340.7,6.9,False
data\results\sequences_low_freq\train\sequence_0.npy,0,train,191,G01,data\results\fragments_combined\fragments_32khz\G01\279C0768_idx74.npy,13407,13415,8,1340.7,1341.5,0.8,False
data\results\sequences_low_freq\train\sequence_0.npy,0,train,192,G01,data\results\fragments_combined\fragments_32khz\G01\279C2978_idx135.npy,13415,13423,8,1341.5,1342.3,0.8,False
data\results\sequences_low_freq\train\sequence_0.npy,0,train,193,G01,data\results\fragments_combined\fragments_32khz\G01\279C0444_idx50.npy,13423,13430,7,1342.3,1343.0,0.7,False
data\results\sequences_low_freq\train\sequence_0.npy,0,train,194,Nothing,data\results\fragments_combined\fragments_32khz\Nothing\B92C2971_idx635.npy,13430,13486,56,1343.0,1348.6,5.6,False
data\results\sequences_low_freq\train\sequence_0.npy,0,train,195,G01,data\results\fragments_combined\fragments_32khz\G01\279C0461_idx70.npy,13486,13749,263,1348.6,1374.9,26.3,False
data\results\sequences_low_freq\train\sequence_0.npy,0,train,196,Nothing,data\results\fragments_combined\fragments_32khz\Nothing\B92C2978_idx656.npy,13749,13823,74,1374.9,1382.3,7.4,False
data\results\sequences_low_freq\train\sequence_0.npy,0,train,197,Nothing,data\results\fragments_combined\fragments_32khz\Nothing\B92C1525_idx564.npy,13823,13830,7,1382.3,1383.0,0.7,False
data\results\sequences_low_freq\train\sequence_0.npy,0,train,198,Nothing,data\results\fragments_combined\fragments_32khz\Nothing\B92C2979_idx660.npy,13830,13899,69,1383.0,1389.9,6.9,False
data\results\sequences_low_freq\train\sequence_0.npy,0,train,199,G01,data\results\fragments_combined\fragments_32khz\G01\B92C0763_idx178.npy,13899,13934,35,1389.9,1393.4,3.5,False
data\results\sequences_low_freq\train\sequence_0.npy,0,train,200,Nothing,data\results\fragments_combined\fragments_32khz\Nothing\B92C2614_idx623.npy,13934,14023,89,1393.4,1402.3,8.9,False
data\results\sequences_low_freq\train\sequence_0.npy,0,train,201,G01,data\results\fragments_combined\fragments_32khz\G01\279C0440_idx45.npy,14023,14085,62,1402.3,1408.5,6.2,False
data\results\sequences_low_freq\train\sequence_0.npy,0,train,202,Nothing,data\results\fragments_combined\fragments_32khz\Nothing\279C0768_idx389.npy,14085,14166,81,1408.5,1416.6,8.1,False
data\results\sequences_low_freq\train\sequence_0.npy,0,train,203,G01,data\results\fragments_combined\fragments_32khz\G01\279C0439_idx38.npy,14166,14235,69,1416.6,1423.5,6.9,False
data\results\sequences_low_freq\train\sequence_0.npy,0,train,204,Nothing,data\results\fragments_combined\fragments_32khz\Nothing\B92C2233_idx599.npy,14235,14253,18,1423.5,1425.3,1.8,False
data\results\sequences_low_freq\train\sequence_0.npy,0,train,205,G01,data\results\fragments_combined\fragments_32khz\G01\B92C2233_idx222.npy,14253,14268,15,1425.3,1426.8,1.5,False
data\results\sequences_low_freq\train\sequence_0.npy,0,train,206,Nothing,data\results\fragments_combined\fragments_32khz\Nothing\26D02000_idx294.npy,14268,14315,47,1426.8,1431.5,4.7,False
data\results\sequences_low_freq\train\sequence_0.npy,0,train,207,G01,data\results\fragments_combined\fragments_32khz\G01\279C2230_idx119.npy,14315,14342,27,1431.5,1434.2,2.7,False
data\results\sequences_low_freq\train\sequence_0.npy,0,train,208,G01,data\results\fragments_combined\fragments_32khz\G01\279C2230_idx117.npy,14342,14471,129,1434.2,1447.1,12.9,False
data\results\sequences_low_freq\train\sequence_0.npy,0,train,209,Nothing,data\results\fragments_combined\fragments_32khz\Nothing\26D02000_idx295.npy,14471,14532,61,1447.1,1453.2,6.1,False
data\results\sequences_low_freq\train\sequence_0.npy,0,train,210,Nothing,data\results\fragments_combined\fragments_32khz\Nothing\279C0441_idx347.npy,14532,14581,49,1453.2,1458.1,4.9,False
data\results\sequences_low_freq\train\sequence_0.npy,0,train,211,Nothing,data\results\fragments_combined\fragments_32khz\Nothing\279C0450_idx370.npy,14581,14632,51,1458.1,1463.2,5.1,False
data\results\sequences_low_freq\train\sequence_0.npy,0,train,212,G01,data\results\fragments_combined\fragments_32khz\G01\279C2624_idx123.npy,14632,14976,344,1463.2,1497.6,34.4,False
data\results\sequences_low_freq\train\sequence_0.npy,0,train,213,Nothing,data\results\fragments_combined\fragments_32khz\Nothing\279C1878_idx431.npy,14976,15071,95,1497.6,1507.1,9.5,False
data\results\sequences_low_freq\train\sequence_0.npy,0,train,214,Nothing,data\results\fragments_combined\fragments_32khz\Nothing\26D00033_idx249.npy,15071,15150,79,1507.1,1515.0,7.9,False
data\results\sequences_low_freq\train\sequence_0.npy,0,train,215,Nothing,data\results\fragments_combined\fragments_32khz\Nothing\B92C0765_idx533.npy,15150,15218,68,1515.0,1521.8,6.8,False
data\results\sequences_low_freq\train\sequence_0.npy,0,train,216,G01,data\results\fragments_combined\fragments_32khz\G01\279C0450_idx68.npy,15218,15222,4,1521.8,1522.2,0.4,False
data\results\sequences_low_freq\train\sequence_0.npy,0,train,217,Nothing,data\results\fragments_combined\fragments_32khz\Nothing\279C0265_idx325.npy,15222,15245,23,1522.2,1524.5,2.3,False
data\results\sequences_low_freq\train\sequence_0.npy,0,train,218,Nothing,data\results\fragments_combined\fragments_32khz\Nothing\26D01649_idx286.npy,15245,15262,17,1524.5,1526.2,1.7,False
data\results\sequences_low_freq\train\sequence_0.npy,0,train,219,Nothing,data\results\fragments_combined\fragments_32khz\Nothing\B92C0763_idx528.npy,15262,15343,81,1526.2,1534.3,8.1,False
data\results\sequences_low_freq\train\sequence_0.npy,0,train,220,G01,data\results\fragments_combined\fragments_32khz\G01\B92C0091_idx146.npy,15343,15475,132,1534.3,1547.5,13.2,False
data\results\sequences_low_freq\train\sequence_0.npy,0,train,221,Nothing,data\results\fragments_combined\fragments_32khz\Nothing\26D02000_idx298.npy,15475,15490,15,1547.5,1549.0,1.5,False
data\results\sequences_low_freq\train\sequence_0.npy,0,train,222,Nothing,data\results\fragments_combined\fragments_32khz\Nothing\279C2224_idx439.npy,15490,15551,61,1549.0,1555.1,6.1,False
data\results\sequences_low_freq\train\sequence_0.npy,0,train,223,G01,data\results\fragments_combined\fragments_32khz\G01\279C2624_idx125.npy,15551,15707,156,1555.1,1570.7,15.6,False
data\results\sequences_low_freq\train\sequence_0.npy,0,train,224,Nothing,data\results\fragments_combined\fragments_32khz\Nothing\B92C2232_idx598.npy,15707,15731,24,1570.7,1573.1,2.4,False
data\results\sequences_low_freq\train\sequence_0.npy,0,train,225,Nothing,data\results\fragments_combined\fragments_32khz\Nothing\B92C1161_idx561.npy,15731,15812,81,1573.1,1581.2,8.1,False
data\results\sequences_low_freq\train\sequence_0.npy,0,train,226,Nothing,data\results\fragments_combined\fragments_32khz\Nothing\26D01646_idx282.npy,15812,15886,74,1581.2,1588.6,7.4,False
data\results\sequences_low_freq\train\sequence_0.npy,0,train,227,G01,data\results\fragments_combined\fragments_32khz\G01\B92C0105_idx170.npy,15886,15900,14,1588.6,1590.0,1.4,False
data\results\sequences_low_freq\train\sequence_0.npy,0,train,228,G01,data\results\fragments_combined\fragments_32khz\G01\B92C2979_idx244.npy,15900,15975,75,1590.0,1597.5,7.5,False
data\results\sequences_low_freq\train\sequence_0.npy,0,train,229,Nothing,data\results\fragments_combined\fragments_32khz\Nothing\B92C2606_idx605.npy,15975,15985,10,1597.5,1598.5,1.0,False
data\results\sequences_low_freq\train\sequence_0.npy,0,train,230,Nothing,data\results\fragments_combined\fragments_32khz\Nothing\B92C0777_idx539.npy,15985,16027,42,1598.5,1602.7,4.2,False
data\results\sequences_low_freq\train\sequence_0.npy,0,train,231,Nothing,data\results\fragments_combined\fragments_32khz\Nothing\B92C0105_idx516.npy,16027,16119,92,1602.7,1611.9,9.2,False
data\results\sequences_low_freq\train\sequence_0.npy,0,train,232,G01,data\results\fragments_combined\fragments_32khz\G01\B92C2231_idx213.npy,16119,16582,463,1611.9,1658.2,46.3,False
data\results\sequences_low_freq\train\sequence_0.npy,0,train,233,Nothing,data\results\fragments_combined\fragments_32khz\Nothing\279C0268_idx332.npy,16582,16664,82,1658.2,1666.4,8.2,False
data\results\sequences_low_freq\train\sequence_0.npy,0,train,234,Nothing,data\results\fragments_combined\fragments_32khz\Nothing\279C0443_idx351.npy,16664,16699,35,1666.4,1669.9,3.5,False
data\results\sequences_low_freq\train\sequence_0.npy,0,train,235,Nothing,data\results\fragments_combined\fragments_32khz\Nothing\279C0445_idx361.npy,16699,16740,41,1669.9,1674.0,4.1,False
data\results\sequences_low_freq\train\sequence_0.npy,0,train,236,G01,data\results\fragments_combined\fragments_32khz\G01\279C1864_idx79.npy,16740,17043,303,1674.0,1704.3,30.3,False
data\results\sequences_low_freq\train\sequence_0.npy,0,train,237,Nothing,data\results\fragments_combined\fragments_32khz\Nothing\279C0443_idx349.npy,17043,17059,16,1704.3,1705.9,1.6,False
data\results\sequences_low_freq\train\sequence_0.npy,0,train,238,Nothing,data\results\fragments_combined\fragments_32khz\Nothing\B92C1537_idx577.npy,17059,17102,43,1705.9,1710.2,4.3,False
data\results\sequences_low_freq\train\sequence_0.npy,0,train,239,Nothing,data\results\fragments_combined\fragments_32khz\Nothing\B92C2978_idx654.npy,17102,17136,34,1710.2,1713.6,3.4,False
data\results\sequences_low_freq\train\sequence_0.npy,0,train,240,G01,data\results\fragments_combined\fragments_32khz\G01\279C2978_idx134.npy,17136,17144,8,1713.6,1714.4,0.8,False
data\results\sequences_low_freq\train\sequence_0.npy,0,train,241,Nothing,data\results\fragments_combined\fragments_32khz\Nothing\26D01659_idx291.npy,17144,17193,49,1714.4,1719.3,4.9,False
data\results\sequences_low_freq\train\sequence_0.npy,0,train,242,Nothing,data\results\fragments_combined\fragments_32khz\Nothing\279C2223_idx438.npy,17193,17237,44,1719.3,1723.7,4.4,False
data\results\sequences_low_freq\train\sequence_0.npy,0,train,243,Nothing,data\results\fragments_combined\fragments_32khz\Nothing\B92C0763_idx524.npy,17237,17313,76,1723.7,1731.3,7.6,False
data\results\sequences_low_freq\train\sequence_0.npy,0,train,244,G01,data\results\fragments_combined\fragments_32khz\G01\B92C1149_idx187.npy,17313,17325,12,1731.3,1732.5,1.2,False
data\results\sequences_low_freq\train\sequence_0.npy,0,train,245,Nothing,data\results\fragments_combined\fragments_32khz\Nothing\B92C2979_idx663.npy,17325,17412,87,1732.5,1741.2,8.7,False
data\results\sequences_low_freq\train\sequence_0.npy,0,train,246,Nothing,data\results\fragments_combined\fragments_32khz\Nothing\B92C2228_idx581.npy,17412,17467,55,1741.2,1746.7,5.5,False
data\results\sequences_low_freq\train\sequence_0.npy,0,train,247,Nothing,data\results\fragments_combined\fragments_32khz\Nothing\279C1864_idx412.npy,17467,17495,28,1746.7,1749.5,2.8,False
data\results\sequences_low_freq\train\sequence_0.npy,0,train,248,G01,data\results\fragments_combined\fragments_32khz\G01\B92C2971_idx236.npy,17495,17521,26,1749.5,1752.1,2.6,False
data\results\sequences_low_freq\train\sequence_0.npy,0,train,249,Nothing,data\results\fragments_combined\fragments_32khz\Nothing\B92C0104_idx509.npy,17521,17583,62,1752.1,1758.3,6.2,False
data\results\sequences_low_freq\train\sequence_0.npy,0,train,250,Nothing,data\results\fragments_combined\fragments_32khz\Nothing\B92C2971_idx634.npy,17583,17646,63,1758.3,1764.6,6.3,False
data\results\sequences_low_freq\train\sequence_0.npy,0,train,251,Nothing,data\results\fragments_combined\fragments_32khz\Nothing\B92C2978_idx657.npy,17646,17738,92,1764.6,1773.8,9.2,False
data\results\sequences_low_freq\train\sequence_0.npy,0,train,252,G01,data\results\fragments_combined\fragments_32khz\G01\279C2223_idx93.npy,17738,17783,45,1773.8,1778.3,4.5,False
data\results\sequences_low_freq\train\sequence_0.npy,0,train,253,G01,data\results\fragments_combined\fragments_32khz\G01\279C2228_idx108.npy,17783,17803,20,1778.3,1780.3,2.0,False
data\results\sequences_low_freq\train\sequence_0.npy,0,train,254,G01,data\results\fragments_combined\fragments_32khz\G01\279C0445_idx56.npy,17803,17825,22,1780.3,1782.5,2.2,False
data\results\sequences_low_freq\train\sequence_0.npy,0,train,255,Nothing,data\results\fragments_combined\fragments_32khz\Nothing\B92C2974_idx642.npy,17825,17872,47,1782.5,1787.2,4.7,False
data\results\sequences_low_freq\train\sequence_0.npy,0,train,256,G01,data\results\fragments_combined\fragments_32khz\G01\B92C0105_idx174.npy,17872,17895,23,1787.2,1789.5,2.3,False
data\results\sequences_low_freq\train\sequence_0.npy,0,train,257,G01,data\results\fragments_combined\fragments_32khz\G01\B92C2229_idx204.npy,17895,17903,8,1789.5,1790.3,0.8,False
data\results\sequences_low_freq\train\sequence_0.npy,0,train,258,G01,data\results\fragments_combined\fragments_32khz\G01\B92C1161_idx196.npy,17903,17915,12,1790.3,1791.5,1.2,False
data\results\sequences_low_freq\train\sequence_0.npy,0,train,259,Nothing,data\results\fragments_combined\fragments_32khz\Nothing\279C1878_idx429.npy,17915,17964,49,1791.5,1796.4,4.9,False
data\results\sequences_low_freq\train\sequence_0.npy,0,train,260,G01,data\results\fragments_combined\fragments_32khz\G01\279C2223_idx94.npy,17964,18016,52,1796.4,1801.6,5.2,False
data\results\sequences_low_freq\train\sequence_0.npy,0,train,261,Nothing,data\results\fragments_combined\fragments_32khz\Nothing\B92C0088_idx486.npy,18016,18094,78,1801.6,1809.4,7.8,False
data\results\sequences_low_freq\train\sequence_0.npy,0,train,262,G01,data\results\fragments_combined\fragments_32khz\G01\B92C2979_idx247.npy,18094,18117,23,1809.4,1811.7,2.3,False
data\results\sequences_low_freq\train\sequence_0.npy,0,train,263,G01,data\results\fragments_combined\fragments_32khz\G01\B92C0096_idx158.npy,18117,18128,11,1811.7,1812.8,1.1,False
data\results\sequences_low_freq\train\sequence_0.npy,0,train,264,G01,data\results\fragments_combined\fragments_32khz\G01\B92C0096_idx162.npy,18128,18142,14,1812.8,1814.2,1.4,False
data\results\sequences_low_freq\train\sequence_0.npy,0,train,265,Nothing,data\results\fragments_combined\fragments_32khz\Nothing\279C0461_idx381.npy,18142,18216,74,1814.2,1821.6,7.4,False
data\results\sequences_low_freq\train\sequence_0.npy,0,train,266,G01,data\results\fragments_combined\fragments_32khz\G01\B92C0091_idx151.npy,18216,18334,118,1821.6,1833.4,11.8,False
data\results\sequences_low_freq\train\sequence_0.npy,0,train,267,Nothing,data\results\fragments_combined\fragments_32khz\Nothing\26D01646_idx279.npy,18334,18366,32,1833.4,1836.6,3.2,False
data\results\sequences_low_freq\train\sequence_0.npy,0,train,268,G01,data\results\fragments_combined\fragments_32khz\G01\279C1870_idx85.npy,18366,18375,9,1836.6,1837.5,0.9,False
data\results\sequences_low_freq\train\sequence_0.npy,0,train,269,G01,data\results\fragments_combined\fragments_32khz\G01\26D01286_idx7.npy,18375,18388,13,1837.5,1838.8,1.3,False
data\results\sequences_low_freq\train\sequence_0.npy,0,train,270,Nothing,data\results\fragments_combined\fragments_32khz\Nothing\279C2224_idx441.npy,18388,18415,27,1838.8,1841.5,2.7,False
data\results\sequences_low_freq\train\sequence_0.npy,0,train,271,G01,data\results\fragments_combined\fragments_32khz\G01\B92C2606_idx225.npy,18415,18426,11,1841.5,1842.6,1.1,False
data\results\sequences_low_freq\train\sequence_0.npy,0,train,272,G01,data\results\fragments_combined\fragments_32khz\G01\26D00033_idx4.npy,18426,18459,33,1842.6,1845.9,3.3,False
data\results\sequences_low_freq\train\sequence_0.npy,0,train,273,Nothing,data\results\fragments_combined\fragments_32khz\Nothing\279C2228_idx452.npy,18459,18481,22,1845.9,1848.1,2.2,False
data\results\sequences_low_freq\train\sequence_0.npy,0,train,274,Nothing,data\results\fragments_combined\fragments_32khz\Nothing\279C0268_idx330.npy,18481,18498,17,1848.1,1849.8,1.7,False
data\results\sequences_low_freq\train\sequence_0.npy,0,train,275,G01,data\results\fragments_combined\fragments_32khz\G01\B92C2971_idx234.npy,18498,18892,394,1849.8,1889.2,39.4,False
data\results\sequences_low_freq\train\sequence_0.npy,0,train,276,Nothing,data\results\fragments_combined\fragments_32khz\Nothing\B92C2233_idx600.npy,18892,18963,71,1889.2,1896.3,7.1,False
data\results\sequences_low_freq\train\sequence_0.npy,0,train,277,Nothing,data\results\fragments_combined\fragments_32khz\Nothing\B92C0777_idx542.npy,18963,18979,16,1896.3,1897.9,1.6,False
data\results\sequences_low_freq\train\sequence_0.npy,0,train,278,Nothing,data\results\fragments_combined\fragments_32khz\Nothing\279C0252_idx317.npy,18979,18989,10,1897.9,1898.9,1.0,False
data\results\sequences_low_freq\train\sequence_0.npy,0,train,279,G01,data\results\fragments_combined\fragments_32khz\G01\279C1867_idx81.npy,18989,19233,244,1898.9,1923.3,24.4,False
data\results\sequences_low_freq\train\sequence_0.npy,0,train,280,Nothing,data\results\fragments_combined\fragments_32khz\Nothing\279C0441_idx344.npy,19233,19321,88,1923.3,1932.1,8.8,False
data\results\sequences_low_freq\train\sequence_0.npy,0,train,281,Nothing,data\results\fragments_combined\fragments_32khz\Nothing\B92C1537_idx575.npy,19321,19348,27,1932.1,1934.8,2.7,False
data\results\sequences_low_freq\train\sequence_0.npy,0,train,282,Nothing,data\results\fragments_combined\fragments_32khz\Nothing\26D01646_idx283.npy,19348,19368,20,1934.8,1936.8,2.0,False
data\results\sequences_low_freq\train\sequence_0.npy,0,train,283,G01,data\results\fragments_combined\fragments_32khz\G01\279C0445_idx62.npy,19368,19385,17,1936.8,1938.5,1.7,False
data\results\sequences_low_freq\train\sequence_0.npy,0,train,284,Nothing,data\results\fragments_combined\fragments_32khz\Nothing\B92C2971_idx638.npy,19385,19478,93,1938.5,1947.8,9.3,False
data\results\sequences_low_freq\train\sequence_0.npy,0,train,285,Nothing,data\results\fragments_combined\fragments_32khz\Nothing\B92C0096_idx501.npy,19478,19557,79,1947.8,1955.7,7.9,False
data\results\sequences_low_freq\train\sequence_0.npy,0,train,286,Nothing,data\results\fragments_combined\fragments_32khz\Nothing\279C0263_idx320.npy,19557,19593,36,1955.7,1959.3,3.6,False
data\results\sequences_low_freq\train\sequence_0.npy,0,train,287,G01,data\results\fragments_combined\fragments_32khz\G01\279C2230_idx118.npy,19593,19639,46,1959.3,1963.9,4.6,False
data\results\sequences_low_freq\train\sequence_0.npy,0,train,288,Nothing,data\results\fragments_combined\fragments_32khz\Nothing\B92C1160_idx555.npy,19639,19725,86,1963.9,1972.5,8.6,False
data\results\sequences_low_freq\train\sequence_0.npy,0,train,289,Nothing,data\results\fragments_combined\fragments_32khz\Nothing\279C0450_idx372.npy,19725,19762,37,1972.5,1976.2,3.7,False
data\results\sequences_low_freq\train\sequence_0.npy,0,train,290,Nothing,data\results\fragments_combined\fragments_32khz\Nothing\26D02019_idx299.npy,19762,19784,22,1976.2,1978.4,2.2,False
data\results\sequences_low_freq\train\sequence_0.npy,0,train,291,G01,data\results\fragments_combined\fragments_32khz\G01\279C2228_idx115.npy,19784,20041,257,1978.4,2004.1,25.7,False
data\results\sequences_low_freq\train\sequence_0.npy,0,train,292,Nothing,data\results\fragments_combined\fragments_32khz\Nothing\279C0439_idx335.npy,20041,20075,34,2004.1,2007.5,3.4,False
data\results\sequences_low_freq\train\sequence_0.npy,0,train,293,Nothing,data\results\fragments_combined\fragments_32khz\Nothing\279C0441_idx346.npy,20075,20142,67,2007.5,2014.2,6.7,False
data\results\sequences_low_freq\train\sequence_0.npy,0,train,294,Nothing,data\results\fragments_combined\fragments_32khz\Nothing\26D01640_idx269.npy,20142,20166,24,2014.2,2016.6,2.4,False
data\results\sequences_low_freq\train\sequence_0.npy,0,train,295,G01,data\results\fragments_combined\fragments_32khz\G01\279C0445_idx59.npy,20166,20172,6,2016.6,2017.2,0.6,False
data\results\sequences_low_freq\train\sequence_0.npy,0,train,296,Nothing,data\results\fragments_combined\fragments_32khz\Nothing\B92C2977_idx649.npy,20172,20268,96,2017.2,2026.8,9.6,False
data\results\sequences_low_freq\train\sequence_0.npy,0,train,297,Nothing,data\results\fragments_combined\fragments_32khz\Nothing\B92C2228_idx582.npy,20268,20282,14,2026.8,2028.2,1.4,False
data\results\sequences_low_freq\train\sequence_0.npy,0,train,298,Nothing,data\results\fragments_combined\fragments_32khz\Nothing\279C2230_idx457.npy,20282,20361,79,2028.2,2036.1,7.9,False
data\results\sequences_low_freq\train\sequence_0.npy,0,train,299,G01,data\results\fragments_combined\fragments_32khz\G01\279C1863_idx78.npy,20361,20374,13,2036.1,2037.4,1.3,False
data\results\sequences_low_freq\train\sequence_0.npy,0,train,300,Nothing,data\results\fragments_combined\fragments_32khz\Nothing\279C1867_idx416.npy,20374,20456,82,2037.4,2045.6,8.2,False
data\results\sequences_low_freq\train\sequence_0.npy,0,train,301,G01,data\results\fragments_combined\fragments_32khz\G01\26D01636_idx9.npy,20456,20460,4,2045.6,2046.0,0.4,False
data\results\sequences_low_freq\train\sequence_0.npy,0,train,302,G01,data\results\fragments_combined\fragments_32khz\G01\279C0768_idx73.npy,20460,20721,261,2046.0,2072.1,26.1,False
data\results\sequences_low_freq\train\sequence_0.npy,0,train,303,Nothing,data\results\fragments_combined\fragments_32khz\Nothing\B92C0776_idx536.npy,20721,20750,29,2072.1,2075.0,2.9,False
data\results\sequences_low_freq\train\sequence_0.npy,0,train,304,Nothing,data\results\fragments_combined\fragments_32khz\Nothing\B92C0096_idx500.npy,20750,20820,70,2075.0,2082.0,7.0,False
data\results\sequences_low_freq\train\sequence_0.npy,0,train,305,Nothing,data\results\fragments_combined\fragments_32khz\Nothing\279C2228_idx453.npy,20820,20896,76,2082.0,2089.6,7.6,False
data\results\sequences_low_freq\train\sequence_0.npy,0,train,306,G01,data\results\fragments_combined\fragments_32khz\G01\279C2227_idx104.npy,20896,20929,33,2089.6,2092.9,3.3,False
data\results\sequences_low_freq\train\sequence_0.npy,0,train,307,Nothing,data\results\fragments_combined\fragments_32khz\Nothing\279C0445_idx360.npy,20929,20974,45,2092.9,2097.4,4.5,False
data\results\sequences_low_freq\train\sequence_0.npy,0,train,308,Nothing,data\results\fragments_combined\fragments_32khz\Nothing\B92C2968_idx630.npy,20974,21025,51,2097.4,2102.5,5.1,False
data\results\sequences_low_freq\train\sequence_0.npy,0,train,309,Nothing,data\results\fragments_combined\fragments_32khz\Nothing\279C0445_idx363.npy,21025,21118,93,2102.5,2111.8,9.3,False
data\results\sequences_low_freq\train\sequence_0.npy,0,train,310,G01,data\results\fragments_combined\fragments_32khz\G01\B92C1149_idx188.npy,21118,21122,4,2111.8,2112.2,0.4,False
data\results\sequences_low_freq\train\sequence_0.npy,0,train,311,G01,data\results\fragments_combined\fragments_32khz\G01\B92C0092_idx156.npy,21122,21174,52,2112.2,2117.4,5.2,False
data\results\sequences_low_freq\train\sequence_0.npy,0,train,312,G01,data\results\fragments_combined\fragments_32khz\G01\279C2978_idx131.npy,21174,21203,29,2117.4,2120.3,2.9,False
data\results\sequences_low_freq\train\sequence_0.npy,0,train,313,Nothing,data\results\fragments_combined\fragments_32khz\Nothing\B92C0096_idx502.npy,21203,21285,82,2120.3,2128.5,8.2,False
data\results\sequences_low_freq\train\sequence_0.npy,0,train,314,G01,data\results\fragments_combined\fragments_32khz\G01\279C2241_idx121.npy,21285,21306,21,2128.5,2130.6,2.1,False
data\results\sequences_low_freq\train\sequence_0.npy,0,train,315,G01,data\results\fragments_combined\fragments_32khz\G01\B92C2611_idx227.npy,21306,21313,7,2130.6,2131.3,0.7,False
data\results\sequences_low_freq\train\sequence_0.npy,0,train,316,G01,data\results\fragments_combined\fragments_32khz\G01\279C2624_idx128.npy,21313,21425,112,2131.3,2142.5,11.2,False
data\results\sequences_low_freq\train\sequence_0.npy,0,train,317,Nothing,data\results\fragments_combined\fragments_32khz\Nothing\279C0115_idx308.npy,21425,21483,58,2142.5,2148.3,5.8,False
data\results\sequences_low_freq\train\sequence_0.npy,0,train,318,Nothing,data\results\fragments_combined\fragments_32khz\Nothing\B92C2613_idx614.npy,21483,21513,30,2148.3,2151.3,3.0,False
data\results\sequences_low_freq\train\sequence_0.npy,0,train,319,G01,data\results\fragments_combined\fragments_32khz\G01\26D01636_idx10.npy,21513,21517,4,2151.3,2151.7,0.4,False
data\results\sequences_low_freq\train\sequence_0.npy,0,train,320,G01,data\results\fragments_combined\fragments_32khz\G01\26D01646_idx21.npy,21517,21525,8,2151.7,2152.5,0.8,False
data\results\sequences_low_freq\train\sequence_0.npy,0,train,321,G01,data\results\fragments_combined\fragments_32khz\G01\279C1878_idx91.npy,21525,21543,18,2152.5,2154.3,1.8,False
data\results\sequences_low_freq\train\sequence_0.npy,0,train,322,Nothing,data\results\fragments_combined\fragments_32khz\Nothing\279C2223_idx436.npy,21543,21577,34,2154.3,2157.7,3.4,False
data\results\sequences_low_freq\train\sequence_0.npy,0,train,323,G01,data\results\fragments_combined\fragments_32khz\G01\B92C2967_idx231.npy,21577,21595,18,2157.7,2159.5,1.8,False
data\results\sequences_low_freq\train\sequence_0.npy,0,train,324,G01,data\results\fragments_combined\fragments_32khz\G01\B92C1149_idx186.npy,21595,21605,10,2159.5,2160.5,1.0,False
data\results\sequences_low_freq\train\sequence_0.npy,0,train,325,G01,data\results\fragments_combined\fragments_32khz\G01\279C0115_idx27.npy,21605,21945,340,2160.5,2194.5,34.0,False
data\results\sequences_low_freq\train\sequence_0.npy,0,train,326,Nothing,data\results\fragments_combined\fragments_32khz\Nothing\B92C0091_idx493.npy,21945,21962,17,2194.5,2196.2,1.7,False
data\results\sequences_low_freq\train\sequence_0.npy,0,train,327,Nothing,data\results\fragments_combined\fragments_32khz\Nothing\B92C0091_idx492.npy,21962,22039,77,2196.2,2203.9,7.7,False
data\results\sequences_low_freq\train\sequence_0.npy,0,train,328,Nothing,data\results\fragments_combined\fragments_32khz\Nothing\279C2980_idx475.npy,22039,22118,79,2203.9,2211.8,7.9,False
data\results\sequences_low_freq\train\sequence_0.npy,0,train,329,G01,data\results\fragments_combined\fragments_32khz\G01\279C2228_idx107.npy,22118,22140,22,2211.8,2214.0,2.2,False
data\results\sequences_low_freq\train\sequence_0.npy,0,train,330,Nothing,data\results\fragments_combined\fragments_32khz\Nothing\279C0454_idx377.npy,22140,22196,56,2214.0,2219.6,5.6,False
data\results\sequences_low_freq\train\sequence_0.npy,0,train,331,Nothing,data\results\fragments_combined\fragments_32khz\Nothing\B92C1537_idx578.npy,22196,22270,74,2219.6,2227.0,7.4,False
data\results\sequences_low_freq\train\sequence_0.npy,0,train,332,Nothing,data\results\fragments_combined\fragments_32khz\Nothing\279C1878_idx433.npy,22270,22365,95,2227.0,2236.5,9.5,False
data\results\sequences_low_freq\train\sequence_0.npy,0,train,333,G01,data\results\fragments_combined\fragments_32khz\G01\B92C2232_idx221.npy,22365,22668,303,2236.5,2266.8,30.3,False
data\results\sequences_low_freq\train\sequence_0.npy,0,train,334,Nothing,data\results\fragments_combined\fragments_32khz\Nothing\279C0760_idx388.npy,22668,22723,55,2266.8,2272.3,5.5,False
data\results\sequences_low_freq\train\sequence_0.npy,0,train,335,Nothing,data\results\fragments_combined\fragments_32khz\Nothing\26D01659_idx293.npy,22723,22810,87,2272.3,2281.0,8.7,False
data\results\sequences_low_freq\train\sequence_0.npy,0,train,336,Nothing,data\results\fragments_combined\fragments_32khz\Nothing\279C2230_idx454.npy,22810,22897,87,2281.0,2289.7,8.7,False
data\results\sequences_low_freq\train\sequence_0.npy,0,train,337,G01,data\results\fragments_combined\fragments_32khz\G01\B92C1149_idx189.npy,22897,22902,5,2289.7,2290.2,0.5,False
data\results\sequences_low_freq\train\sequence_0.npy,0,train,338,Nothing,data\results\fragments_combined\fragments_32khz\Nothing\B92C1525_idx566.npy,22902,22938,36,2290.2,2293.8,3.6,False
data\results\sequences_low_freq\train\sequence_0.npy,0,train,339,Nothing,data\results\fragments_combined\fragments_32khz\Nothing\B92C1526_idx569.npy,22938,23038,100,2293.8,2303.8,10.0,False
data\results\sequences_low_freq\train\sequence_0.npy,0,train,340,G01,data\results\fragments_combined\fragments_32khz\G01\B92C2231_idx212.npy,23038,23061,23,2303.8,2306.1,2.3,False
data\results\sequences_low_freq\train\sequence_0.npy,0,train,341,G01,data\results\fragments_combined\fragments_32khz\G01\B92C2968_idx232.npy,23061,23075,14,2306.1,2307.5,1.4,False
data\results\sequences_low_freq\train\sequence_0.npy,0,train,342,G01,data\results\fragments_combined\fragments_32khz\G01\279C2224_idx95.npy,23075,23089,14,2307.5,2308.9,1.4,False
data\results\sequences_low_freq\train\sequence_0.npy,0,train,343,Nothing,data\results\fragments_combined\fragments_32khz\Nothing\279C0263_idx321.npy,23089,23157,68,2308.9,2315.7,6.8,False
data\results\sequences_low_freq\train\sequence_0.npy,0,train,344,G01,data\results\fragments_combined\fragments_32khz\G01\279C1870_idx86.npy,23157,23167,10,2315.7,2316.7,1.0,False
data\results\sequences_low_freq\train\sequence_0.npy,0,train,345,G01,data\results\fragments_combined\fragments_32khz\G01\B92C0092_idx153.npy,23167,23377,210,2316.7,2337.7,21.0,False
data\results\sequences_low_freq\train\sequence_0.npy,0,train,346,Nothing,data\results\fragments_combined\fragments_32khz\Nothing\26D01646_idx281.npy,23377,23460,83,2337.7,2346.0,8.3,False
data\results\sequences_low_freq\train\sequence_0.npy,0,train,347,Nothing,data\results\fragments_combined\fragments_32khz\Nothing\B92C1148_idx548.npy,23460,23497,37,2346.0,2349.7,3.7,False
data\results\sequences_low_freq\train\sequence_0.npy,0,train,348,G01,data\results\fragments_combined\fragments_32khz\G01\279C1870_idx82.npy,23497,23516,19,2349.7,2351.6,1.9,False
data\results\sequences_low_freq\train\sequence_0.npy,0,train,349,Nothing,data\results\fragments_combined\fragments_32khz\Nothing\B92C2229_idx586.npy,23516,23542,26,2351.6,2354.2,2.6,False
data\results\sequences_low_freq\train\sequence_0.npy,0,train,350,G01,data\results\fragments_combined\fragments_32khz\G01\B92C2979_idx246.npy,23542,23577,35,2354.2,2357.7,3.5,False
data\results\sequences_low_freq\train\sequence_0.npy,0,train,351,Nothing,data\results\fragments_combined\fragments_32khz\Nothing\B92C0091_idx489.npy,23577,23652,75,2357.7,2365.2,7.5,False
data\results\sequences_low_freq\train\sequence_0.npy,0,train,352,G01,data\results\fragments_combined\fragments_32khz\G01\279C1871_idx90.npy,23652,23734,82,2365.2,2373.4,8.2,False
data\results\sequences_low_freq\train\sequence_0.npy,0,train,353,Nothing,data\results\fragments_combined\fragments_32khz\Nothing\279C0440_idx343.npy,23734,23762,28,2373.4,2376.2,2.8,False
data\results\sequences_low_freq\train\sequence_0.npy,0,train,354,G01,data\results\fragments_combined\fragments_32khz\G01\279C1867_idx80.npy,23762,23883,121,2376.2,2388.3,12.1,False
data\results\sequences_low_freq\train\sequence_0.npy,0,train,355,Nothing,data\results\fragments_combined\fragments_32khz\Nothing\279C0246_idx313.npy,23883,23924,41,2388.3,2392.4,4.1,False
data\results\sequences_low_freq\train\sequence_0.npy,0,train,356,Nothing,data\results\fragments_combined\fragments_32khz\Nothing\B92C2979_idx662.npy,23924,23948,24,2392.4,2394.8,2.4,False
data\results\sequences_low_freq\train\sequence_0.npy,0,train,357,Nothing,data\results\fragments_combined\fragments_32khz\Nothing\B92C2229_idx585.npy,23948,24035,87,2394.8,2403.5,8.7,False
data\results\sequences_low_freq\train\sequence_0.npy,0,train,358,G01,data\results\fragments_combined\fragments_32khz\G01\279C2624_idx127.npy,24035,24048,13,2403.5,2404.8,1.3,False
data\results\sequences_low_freq\train\sequence_0.npy,0,train,359,G01,data\results\fragments_combined\fragments_32khz\G01\279C0265_idx33.npy,24048,24072,24,2404.8,2407.2,2.4,False
data\results\sequences_low_freq\train\sequence_0.npy,0,train,360,Nothing,data\results\fragments_combined\fragments_32khz\Nothing\279C0768_idx393.npy,24072,24141,69,2407.2,2414.1,6.9,False
data\results\sequences_low_freq\train\sequence_0.npy,0,train,361,G01,data\results\fragments_combined\fragments_32khz\G01\279C1871_idx89.npy,24141,24155,14,2414.1,2415.5,1.4,False
data\results\sequences_low_freq\train\sequence_0.npy,0,train,362,G01,data\results\fragments_combined\fragments_32khz\G01\B92C2979_idx243.npy,24155,24200,45,2415.5,2420.0,4.5,False
data\results\sequences_low_freq\train\sequence_0.npy,0,train,363,G01,data\results\fragments_combined\fragments_32khz\G01\B92C1148_idx184.npy,24200,24208,8,2420.0,2420.8,0.8,False
data\results\sequences_low_freq\train\sequence_0.npy,0,train,364,Nothing,data\results\fragments_combined\fragments_32khz\Nothing\279C0263_idx323.npy,24208,24302,94,2420.8,2430.2,9.4,False
data\results\sequences_low_freq\train\sequence_0.npy,0,train,365,G01,data\results\fragments_combined\fragments_32khz\G01\279C0446_idx66.npy,24302,24365,63,2430.2,2436.5,6.3,False
data\results\sequences_low_freq\train\sequence_0.npy,0,train,366,G01,data\results\fragments_combined\fragments_32khz\G01\B92C2975_idx239.npy,24365,24568,203,2436.5,2456.8,20.3,False
data\results\sequences_low_freq\train\sequence_0.npy,0,train,367,Nothing,data\results\fragments_combined\fragments_32khz\Nothing\279C2624_idx466.npy,24568,24618,50,2456.8,2461.8,5.0,False
data\results\sequences_low_freq\train\sequence_0.npy,0,train,368,Nothing,data\results\fragments_combined\fragments_32khz\Nothing\279C2227_idx444.npy,24618,24676,58,2461.8,2467.6,5.8,False
data\results\sequences_low_freq\train\sequence_0.npy,0,train,369,Nothing,data\results\fragments_combined\fragments_32khz\Nothing\26D01649_idx284.npy,24676,24718,42,2467.6,2471.8,4.2,False
data\results\sequences_low_freq\train\sequence_0.npy,0,train,370,G01,data\results\fragments_combined\fragments_32khz\G01\26D00033_idx2.npy,24718,24727,9,2471.8,2472.7,0.9,False
data\results\sequences_low_freq\train\sequence_0.npy,0,train,371,Nothing,data\results\fragments_combined\fragments_32khz\Nothing\B92C0091_idx490.npy,24727,24795,68,2472.7,2479.5,6.8,False
data\results\sequences_low_freq\train\sequence_0.npy,0,train,372,G01,data\results\fragments_combined\fragments_32khz\G01\279C1870_idx84.npy,24795,24809,14,2479.5,2480.9,1.4,False
data\results\sequences_low_freq\train\sequence_0.npy,0,train,373,G01,data\results\fragments_combined\fragments_32khz\G01\B92C2231_idx218.npy,24809,24829,20,2480.9,2482.9,2.0,False
data\results\sequences_low_freq\train\sequence_0.npy,0,train,374,G01,data\results\fragments_combined\fragments_32khz\G01\B92C1149_idx185.npy,24829,24840,11,2482.9,2484.0,1.1,False
data\results\sequences_low_freq\train\sequence_0.npy,0,train,375,Nothing,data\results\fragments_combined\fragments_32khz\Nothing\26D01636_idx264.npy,24840,24867,27,2484.0,2486.7,2.7,False
data\results\sequences_low_freq\train\sequence_0.npy,0,train,376,G01,data\results\fragments_combined\fragments_32khz\G01\B92C2232_idx220.npy,24867,24880,13,2486.7,2488.0,1.3,False
data\results\sequences_low_freq\train\sequence_0.npy,0,train,377,G01,data\results\fragments_combined\fragments_32khz\G01\B92C0091_idx149.npy,24880,24887,7,2488.0,2488.7,0.7,False
data\results\sequences_low_freq\train\sequence_0.npy,0,train,378,G01,data\results\fragments_combined\fragments_32khz\G01\B92C0091_idx145.npy,24887,24894,7,2488.7,2489.4,0.7,False
data\results\sequences_low_freq\train\sequence_0.npy,0,train,379,Nothing,data\results\fragments_combined\fragments_32khz\Nothing\B92C2975_idx648.npy,24894,24962,68,2489.4,2496.2,6.8,False
data\results\sequences_low_freq\train\sequence_0.npy,0,train,380,G01,data\results\fragments_combined\fragments_32khz\G01\B92C0104_idx166.npy,24962,25130,168,2496.2,2513.0,16.8,False
data\results\sequences_low_freq\train\sequence_0.npy,0,train,381,Nothing,data\results\fragments_combined\fragments_32khz\Nothing\279C0770_idx396.npy,25130,25150,20,2513.0,2515.0,2.0,False
data\results\sequences_low_freq\train\sequence_0.npy,0,train,382,Nothing,data\results\fragments_combined\fragments_32khz\Nothing\279C0263_idx319.npy,25150,25240,90,2515.0,2524.0,9.0,False
data\results\sequences_low_freq\train\sequence_0.npy,0,train,383,G01,data\results\fragments_combined\fragments_32khz\G01\279C2624_idx126.npy,25240,25332,92,2524.0,2533.2,9.2,False
data\results\sequences_low_freq\train\sequence_0.npy,0,train,384,Nothing,data\results\fragments_combined\fragments_32khz\Nothing\279C2624_idx465.npy,25332,25409,77,2533.2,2540.9,7.7,False
data\results\sequences_low_freq\train\sequence_0.npy,0,train,385,Nothing,data\results\fragments_combined\fragments_32khz\Nothing\279C1506_idx403.npy,25409,25470,61,2540.9,2547.0,6.1,False
data\results\sequences_low_freq\train\sequence_0.npy,0,train,386,G01,data\results\fragments_combined\fragments_32khz\G01\279C2228_idx111.npy,25470,25631,161,2547.0,2563.1,16.1,False
data\results\sequences_low_freq\train\sequence_0.npy,0,train,387,Nothing,data\results\fragments_combined\fragments_32khz\Nothing\B92C1160_idx556.npy,25631,25695,64,2563.1,2569.5,6.4,False
data\results\sequences_low_freq\train\sequence_0.npy,0,train,388,Nothing,data\results\fragments_combined\fragments_32khz\Nothing\279C0461_idx380.npy,25695,25759,64,2569.5,2575.9,6.4,False
data\results\sequences_low_freq\train\sequence_0.npy,0,train,389,G01,data\results\fragments_combined\fragments_32khz\G01\B92C0105_idx172.npy,25759,25768,9,2575.9,2576.8,0.9,False
data\results\sequences_low_freq\train\sequence_0.npy,0,train,390,G01,data\results\fragments_combined\fragments_32khz\G01\B92C2979_idx248.npy,25768,25811,43,2576.8,2581.1,4.3,False
data\results\sequences_low_freq\train\sequence_0.npy,0,train,391,Nothing,data\results\fragments_combined\fragments_32khz\Nothing\B92C0104_idx513.npy,25811,25845,34,2581.1,2584.5,3.4,False
data\results\sequences_low_freq\train\sequence_0.npy,0,train,392,Nothing,data\results\fragments_combined\fragments_32khz\Nothing\B92C0765_idx531.npy,25845,25936,91,2584.5,2593.6,9.1,False
data\results\sequences_low_freq\train\sequence_0.npy,0,train,393,G01,data\results\fragments_combined\fragments_32khz\G01\279C0265_idx32.npy,25936,25970,34,2593.6,2597.0,3.4,False
data\results\sequences_low_freq\train\sequence_0.npy,0,train,394,G01,data\results\fragments_combined\fragments_32khz\G01\279C2228_idx106.npy,25970,25987,17,2597.0,2598.7,1.7,False
data\results\sequences_low_freq\train\sequence_0.npy,0,train,395,G01,data\results\fragments_combined\fragments_32khz\G01\B92C0092_idx152.npy,25987,26015,28,2598.7,2601.5,2.8,False
data\results\sequences_low_freq\train\sequence_0.npy,0,train,396,Nothing,data\results\fragments_combined\fragments_32khz\Nothing\B92C1526_idx572.npy,26015,26046,31,2601.5,2604.6,3.1,False
data\results\sequences_low_freq\train\sequence_0.npy,0,train,397,G01,data\results\fragments_combined\fragments_32khz\G01\26D01659_idx24.npy,26046,26079,33,2604.6,2607.9,3.3,False
data\results\sequences_low_freq\train\sequence_0.npy,0,train,398,G01,data\results\fragments_combined\fragments_32khz\G01\279C2978_idx132.npy,26079,26089,10,2607.9,2608.9,1.0,False
data\results\sequences_low_freq\train\sequence_0.npy,0,train,399,Nothing,data\results\fragments_combined\fragments_32khz\Nothing\279C2224_idx443.npy,26089,26103,14,2608.9,2610.3,1.4,True
data\results\sequences_low_freq\train\sequence_0.npy,0,train,400,G01,data\results\fragments_combined\fragments_32khz\G01\B92C0091_idx148.npy,26103,26116,13,2610.3,2611.6,1.3,False
data\results\sequences_low_freq\val\sequence_0.npy,0,val,0,Nothing,data\results\fragments_combined\fragments_32khz\Nothing\B92C2975_idx645.npy,0,20,20,0.0,2.0,2.0,False
data\results\sequences_low_freq\val\sequence_0.npy,0,val,1,G01,data\results\fragments_combined\fragments_32khz\G01\279C0263_idx30.npy,20,80,60,2.0,8.0,6.0,False
data\results\sequences_low_freq\val\sequence_0.npy,0,val,2,Nothing,data\results\fragments_combined\fragments_32khz\Nothing\279C1864_idx410.npy,80,149,69,8.0,14.9,6.9,False
data\results\sequences_low_freq\val\sequence_0.npy,0,val,3,G01,data\results\fragments_combined\fragments_32khz\G01\279C2624_idx129.npy,149,375,226,14.9,37.5,22.6,False
data\results\sequences_low_freq\val\sequence_0.npy,0,val,4,Nothing,data\results\fragments_combined\fragments_32khz\Nothing\B92C0105_idx515.npy,375,447,72,37.5,44.7,7.2,False
data\results\sequences_low_freq\val\sequence_0.npy,0,val,5,Nothing,data\results\fragments_combined\fragments_32khz\Nothing\B92C1525_idx567.npy,447,464,17,44.7,46.4,1.7,False
data\results\sequences_low_freq\val\sequence_0.npy,0,val,6,Nothing,data\results\fragments_combined\fragments_32khz\Nothing\279C2230_idx458.npy,464,535,71,46.4,53.5,7.1,False
data\results\sequences_low_freq\val\sequence_0.npy,0,val,7,G01,data\results\fragments_combined\fragments_32khz\G01\B92C0756_idx176.npy,535,547,12,53.5,54.7,1.2,False
data\results\sequences_low_freq\val\sequence_0.npy,0,val,8,Nothing,data\results\fragments_combined\fragments_32khz\Nothing\B92C1161_idx562.npy,547,592,45,54.7,59.2,4.5,False
data\results\sequences_low_freq\val\sequence_0.npy,0,val,9,Nothing,data\results\fragments_combined\fragments_32khz\Nothing\279C1864_idx411.npy,592,606,14,59.2,60.6,1.4,False
data\results\sequences_low_freq\val\sequence_0.npy,0,val,10,G01,data\results\fragments_combined\fragments_32khz\G01\279C0439_idx44.npy,606,618,12,60.6,61.8,1.2,False
data\results\sequences_low_freq\val\sequence_0.npy,0,val,11,Nothing,data\results\fragments_combined\fragments_32khz\Nothing\B92C2967_idx628.npy,618,674,56,61.8,67.4,5.6,False
data\results\sequences_low_freq\val\sequence_0.npy,0,val,12,G01,data\results\fragments_combined\fragments_32khz\G01\279C0444_idx53.npy,674,688,14,67.4,68.8,1.4,False
data\results\sequences_low_freq\val\sequence_0.npy,0,val,13,G01,data\results\fragments_combined\fragments_32khz\G01\B92C1525_idx198.npy,688,717,29,68.8,71.7,2.9,False
data\results\sequences_low_freq\val\sequence_0.npy,0,val,14,G01,data\results\fragments_combined\fragments_32khz\G01\279C0445_idx61.npy,717,721,4,71.7,72.1,0.4,False
data\results\sequences_low_freq\val\sequence_0.npy,0,val,15,Nothing,data\results\fragments_combined\fragments_32khz\Nothing\B92C1149_idx552.npy,721,744,23,72.1,74.4,2.3,False
data\results\sequences_low_freq\val\sequence_0.npy,0,val,16,G01,data\results\fragments_combined\fragments_32khz\G01\B92C0100_idx164.npy,744,827,83,74.4,82.7,8.3,False
data\results\sequences_low_freq\val\sequence_0.npy,0,val,17,Nothing,data\results\fragments_combined\fragments_32khz\Nothing\279C1878_idx432.npy,827,899,72,82.7,89.9,7.2,False
data\results\sequences_low_freq\val\sequence_0.npy,0,val,18,G01,data\results\fragments_combined\fragments_32khz\G01\279C1863_idx77.npy,899,1071,172,89.9,107.1,17.2,False
data\results\sequences_low_freq\val\sequence_0.npy,0,val,19,Nothing,data\results\fragments_combined\fragments_32khz\Nothing\B92C0776_idx537.npy,1071,1120,49,107.1,112.0,4.9,False
data\results\sequences_low_freq\val\sequence_0.npy,0,val,20,Nothing,data\results\fragments_combined\fragments_32khz\Nothing\279C2980_idx476.npy,1120,1212,92,112.0,121.2,9.2,False
data\results\sequences_low_freq\val\sequence_0.npy,0,val,21,Nothing,data\results\fragments_combined\fragments_32khz\Nothing\B92C2611_idx611.npy,1212,1231,19,121.2,123.1,1.9,False
data\results\sequences_low_freq\val\sequence_0.npy,0,val,22,G01,data\results\fragments_combined\fragments_32khz\G01\26D01649_idx23.npy,1231,1237,6,123.1,123.7,0.6,False
data\results\sequences_low_freq\val\sequence_0.npy,0,val,23,G01,data\results\fragments_combined\fragments_32khz\G01\B92C1537_idx202.npy,1237,1256,19,123.7,125.6,1.9,False
data\results\sequences_low_freq\val\sequence_0.npy,0,val,24,Nothing,data\results\fragments_combined\fragments_32khz\Nothing\279C2227_idx446.npy,1256,1331,75,125.6,133.1,7.5,False
data\results\sequences_low_freq\val\sequence_0.npy,0,val,25,G01,data\results\fragments_combined\fragments_32khz\G01\B92C2231_idx215.npy,1331,1351,20,133.1,135.1,2.0,False
data\results\sequences_low_freq\val\sequence_0.npy,0,val,26,G01,data\results\fragments_combined\fragments_32khz\G01\279C0263_idx31.npy,1351,1411,60,135.1,141.1,6.0,False
data\results\sequences_low_freq\val\sequence_0.npy,0,val,27,Nothing,data\results\fragments_combined\fragments_32khz\Nothing\B92C1161_idx563.npy,1411,1419,8,141.1,141.9,0.8,False
data\results\sequences_low_freq\val\sequence_0.npy,0,val,28,Nothing,data\results\fragments_combined\fragments_32khz\Nothing\26D00573_idx257.npy,1419,1497,78,141.9,149.7,7.8,False
data\results\sequences_low_freq\val\sequence_0.npy,0,val,29,G01,data\results\fragments_combined\fragments_32khz\G01\279C0445_idx63.npy,1497,1508,11,149.7,150.8,1.1,False
data\results\sequences_low_freq\val\sequence_0.npy,0,val,30,G01,data\results\fragments_combined\fragments_32khz\G01\B92C1149_idx191.npy,1508,1534,26,150.8,153.4,2.6,False
data\results\sequences_low_freq\val\sequence_0.npy,0,val,31,G01,data\results\fragments_combined\fragments_32khz\G01\279C0265_idx34.npy,1534,2065,531,153.4,206.5,53.1,False
data\results\sequences_low_freq\val\sequence_0.npy,0,val,32,Nothing,data\results\fragments_combined\fragments_32khz\Nothing\279C0268_idx331.npy,2065,2136,71,206.5,213.6,7.1,False
data\results\sequences_low_freq\val\sequence_0.npy,0,val,33,Nothing,data\results\fragments_combined\fragments_32khz\Nothing\279C0246_idx311.npy,2136,2152,16,213.6,215.2,1.6,False
data\results\sequences_low_freq\val\sequence_0.npy,0,val,34,Nothing,data\results\fragments_combined\fragments_32khz\Nothing\279C0444_idx354.npy,2152,2163,11,215.2,216.3,1.1,False
data\results\sequences_low_freq\val\sequence_0.npy,0,val,35,G01,data\results\fragments_combined\fragments_32khz\G01\279C2980_idx142.npy,2163,2179,16,216.3,217.9,1.6,False
data\results\sequences_low_freq\val\sequence_0.npy,0,val,36,Nothing,data\results\fragments_combined\fragments_32khz\Nothing\B92C1526_idx573.npy,2179,2213,34,217.9,221.3,3.4,False
data\results\sequences_low_freq\val\sequence_0.npy,0,val,37,Nothing,data\results\fragments_combined\fragments_32khz\Nothing\B92C2228_idx579.npy,2213,2312,99,221.3,231.2,9.9,False
data\results\sequences_low_freq\val\sequence_0.npy,0,val,38,Nothing,data\results\fragments_combined\fragments_32khz\Nothing\B92C0088_idx488.npy,2312,2400,88,231.2,240.0,8.8,False
data\results\sequences_low_freq\val\sequence_0.npy,0,val,39,G01,data\results\fragments_combined\fragments_32khz\G01\279C0454_idx69.npy,2400,2443,43,240.0,244.3,4.3,False
data\results\sequences_low_freq\val\sequence_0.npy,0,val,40,Nothing,data\results\fragments_combined\fragments_32khz\Nothing\26D01636_idx266.npy,2443,2478,35,244.3,247.8,3.5,False
data\results\sequences_low_freq\val\sequence_0.npy,0,val,41,Nothing,data\results\fragments_combined\fragments_32khz\Nothing\B92C0105_idx517.npy,2478,2496,18,247.8,249.6,1.8,False
data\results\sequences_low_freq\val\sequence_0.npy,0,val,42,Nothing,data\results\fragments_combined\fragments_32khz\Nothing\B92C0104_idx512.npy,2496,2578,82,249.6,257.8,8.2,False
data\results\sequences_low_freq\val\sequence_0.npy,0,val,43,G01,data\results\fragments_combined\fragments_32khz\G01\B92C0105_idx167.npy,2578,2587,9,257.8,258.7,0.9,False
data\results\sequences_low_freq\val\sequence_0.npy,0,val,44,Nothing,data\results\fragments_combined\fragments_32khz\Nothing\26D01636_idx265.npy,2587,2634,47,258.7,263.4,4.7,False
data\results\sequences_low_freq\val\sequence_0.npy,0,val,45,Nothing,data\results\fragments_combined\fragments_32khz\Nothing\B92C1160_idx557.npy,2634,2713,79,263.4,271.3,7.9,False
data\results\sequences_low_freq\val\sequence_0.npy,0,val,46,G01,data\results\fragments_combined\fragments_32khz\G01\279C0268_idx35.npy,2713,2720,7,271.3,272.0,0.7,False
data\results\sequences_low_freq\val\sequence_0.npy,0,val,47,Nothing,data\results\fragments_combined\fragments_32khz\Nothing\279C0252_idx314.npy,2720,2756,36,272.0,275.6,3.6,False
data\results\sequences_low_freq\val\sequence_0.npy,0,val,48,G01,data\results\fragments_combined\fragments_32khz\G01\B92C2231_idx211.npy,2756,2913,157,275.6,291.3,15.7,False
data\results\sequences_low_freq\val\sequence_0.npy,0,val,49,Nothing,data\results\fragments_combined\fragments_32khz\Nothing\B92C2975_idx647.npy,2913,2987,74,291.3,298.7,7.4,False
data\results\sequences_low_freq\val\sequence_0.npy,0,val,50,Nothing,data\results\fragments_combined\fragments_32khz\Nothing\279C0461_idx382.npy,2987,3006,19,298.7,300.6,1.9,False
data\results\sequences_low_freq\val\sequence_0.npy,0,val,51,Nothing,data\results\fragments_combined\fragments_32khz\Nothing\B92C0777_idx541.npy,3006,3049,43,300.6,304.9,4.3,False
data\results\sequences_low_freq\val\sequence_0.npy,0,val,52,G01,data\results\fragments_combined\fragments_32khz\G01\279C0439_idx40.npy,3049,3117,68,304.9,311.7,6.8,False
data\results\sequences_low_freq\val\sequence_0.npy,0,val,53,Nothing,data\results\fragments_combined\fragments_32khz\Nothing\26D02019_idx301.npy,3117,3125,8,311.7,312.5,0.8,False
data\results\sequences_low_freq\val\sequence_0.npy,0,val,54,Nothing,data\results\fragments_combined\fragments_32khz\Nothing\279C0265_idx324.npy,3125,3209,84,312.5,320.9,8.4,False
data\results\sequences_low_freq\val\sequence_0.npy,0,val,55,G01,data\results\fragments_combined\fragments_32khz\G01\B92C1525_idx200.npy,3209,3233,24,320.9,323.3,2.4,False
data\results\sequences_low_freq\val\sequence_0.npy,0,val,56,G01,data\results\fragments_combined\fragments_32khz\G01\279C0445_idx57.npy,3233,3271,38,323.3,327.1,3.8,False
data\results\sequences_low_freq\val\sequence_0.npy,0,val,57,Nothing,data\results\fragments_combined\fragments_32khz\Nothing\26D01646_idx280.npy,3271,3329,58,327.1,332.9,5.8,False
data\results\sequences_low_freq\val\sequence_0.npy,0,val,58,G01,data\results\fragments_combined\fragments_32khz\G01\279C2228_idx109.npy,3329,3340,11,332.9,334.0,1.1,False
data\results\sequences_low_freq\val\sequence_0.npy,0,val,59,G01,data\results\fragments_combined\fragments_32khz\G01\279C0439_idx43.npy,3340,3349,9,334.0,334.9,0.9,False
data\results\sequences_low_freq\val\sequence_0.npy,0,val,60,G01,data\results\fragments_combined\fragments_32khz\G01\B92C2231_idx209.npy,3349,3754,405,334.9,375.4,40.5,False
data\results\sequences_low_freq\val\sequence_0.npy,0,val,61,Nothing,data\results\fragments_combined\fragments_32khz\Nothing\B92C2613_idx617.npy,3754,3832,78,375.4,383.2,7.8,False
data\results\sequences_low_freq\val\sequence_0.npy,0,val,62,Nothing,data\results\fragments_combined\fragments_32khz\Nothing\B92C2974_idx640.npy,3832,3897,65,383.2,389.7,6.5,False
data\results\sequences_low_freq\val\sequence_0.npy,0,val,63,Nothing,data\results\fragments_combined\fragments_32khz\Nothing\B92C2968_idx632.npy,3897,3927,30,389.7,392.7,3.0,False
data\results\sequences_low_freq\val\sequence_0.npy,0,val,64,G01,data\results\fragments_combined\fragments_32khz\G01\B92C2231_idx216.npy,3927,3934,7,392.7,393.4,0.7,False
data\results\sequences_low_freq\val\sequence_0.npy,0,val,65,Nothing,data\results\fragments_combined\fragments_32khz\Nothing\B92C0091_idx491.npy,3934,4033,99,393.4,403.3,9.9,False
data\results\sequences_low_freq\val\sequence_0.npy,0,val,66,Nothing,data\results\fragments_combined\fragments_32khz\Nothing\279C1867_idx418.npy,4033,4127,94,403.3,412.7,9.4,False
data\results\sequences_low_freq\val\sequence_0.npy,0,val,67,Nothing,data\results\fragments_combined\fragments_32khz\Nothing\B92C2229_idx588.npy,4127,4182,55,412.7,418.2,5.5,False
data\results\sequences_low_freq\val\sequence_0.npy,0,val,68,G01,data\results\fragments_combined\fragments_32khz\G01\B92C0092_idx157.npy,4182,4190,8,418.2,419.0,0.8,False
data\results\sequences_low_freq\val\sequence_0.npy,0,val,69,G01,data\results\fragments_combined\fragments_32khz\G01\B92C2614_idx230.npy,4190,4256,66,419.0,425.6,6.6,False
data\results\sequences_low_freq\val\sequence_0.npy,0,val,70,Nothing,data\results\fragments_combined\fragments_32khz\Nothing\B92C1537_idx574.npy,4256,4341,85,425.6,434.1,8.5,False
data\results\sequences_low_freq\val\sequence_0.npy,0,val,71,G01,data\results\fragments_combined\fragments_32khz\G01\B92C2611_idx226.npy,4341,4376,35,434.1,437.6,3.5,False
data\results\sequences_low_freq\val\sequence_0.npy,0,val,72,Nothing,data\results\fragments_combined\fragments_32khz\Nothing\26D01286_idx260.npy,4376,4396,20,437.6,439.6,2.0,False
data\results\sequences_low_freq\val\sequence_0.npy,0,val,73,G01,data\results\fragments_combined\fragments_32khz\G01\26D01643_idx16.npy,4396,4497,101,439.6,449.7,10.1,False
data\results\sequences_low_freq\val\sequence_0.npy,0,val,74,Nothing,data\results\fragments_combined\fragments_32khz\Nothing\B92C0096_idx503.npy,4497,4525,28,449.7,452.5,2.8,False
data\results\sequences_low_freq\val\sequence_0.npy,0,val,75,Nothing,data\results\fragments_combined\fragments_32khz\Nothing\26D01640_idx273.npy,4525,4594,69,452.5,459.4,6.9,False
data\results\sequences_low_freq\val\sequence_0.npy,0,val,76,G01,data\results\fragments_combined\fragments_32khz\G01\B92C2231_idx210.npy,4594,4622,28,459.4,462.2,2.8,False
data\results\sequences_low_freq\val\sequence_0.npy,0,val,77,Nothing,data\results\fragments_combined\fragments_32khz\Nothing\26D01643_idx276.npy,4622,4630,8,462.2,463.0,0.8,False
data\results\sequences_low_freq\val\sequence_0.npy,0,val,78,Nothing,data\results\fragments_combined\fragments_32khz\Nothing\B92C1525_idx565.npy,4630,4703,73,463.0,470.3,7.3,False
data\results\sequences_low_freq\val\sequence_0.npy,0,val,79,G01,data\results\fragments_combined\fragments_32khz\G01\B92C1161_idx195.npy,4703,4869,166,470.3,486.9,16.6,False
data\results\sequences_low_freq\val\sequence_0.npy,0,val,80,Nothing,data\results\fragments_combined\fragments_32khz\Nothing\279C0263_idx322.npy,4869,4945,76,486.9,494.5,7.6,False
data\results\sequences_low_freq\val\sequence_0.npy,0,val,81,Nothing,data\results\fragments_combined\fragments_32khz\Nothing\B92C2975_idx644.npy,4945,4956,11,494.5,495.6,1.1,False
data\results\sequences_low_freq\val\sequence_0.npy,0,val,82,Nothing,data\results\fragments_combined\fragments_32khz\Nothing\B92C0104_idx511.npy,4956,4970,14,495.6,497.0,1.4,False
data\results\sequences_low_freq\val\sequence_0.npy,0,val,83,G01,data\results\fragments_combined\fragments_32khz\G01\B92C0776_idx182.npy,4970,4986,16,497.0,498.6,1.6,False
data\results\sequences_low_freq\val\sequence_0.npy,0,val,84,Nothing,data\results\fragments_combined\fragments_32khz\Nothing\279C2624_idx464.npy,4986,5034,48,498.6,503.4,4.8,False
data\results\sequences_low_freq\val\sequence_0.npy,0,val,85,G01,data\results\fragments_combined\fragments_32khz\G01\26D01640_idx11.npy,5034,5042,8,503.4,504.2,0.8,False
data\results\sequences_low_freq\val\sequence_0.npy,0,val,86,G01,data\results\fragments_combined\fragments_32khz\G01\279C2241_idx122.npy,5042,5116,74,504.2,511.6,7.4,False
data\results\sequences_low_freq\val\sequence_0.npy,0,val,87,Nothing,data\results\fragments_combined\fragments_32khz\Nothing\B92C2967_idx627.npy,5116,5168,52,511.6,516.8,5.2,False
data\results\sequences_low_freq\val\sequence_0.npy,0,val,88,G01,data\results\fragments_combined\fragments_32khz\G01\279C0439_idx42.npy,5168,5174,6,516.8,517.4,0.6,False
data\results\sequences_low_freq\val\sequence_0.npy,0,val,89,Nothing,data\results\fragments_combined\fragments_32khz\Nothing\B92C2968_idx629.npy,5174,5191,17,517.4,519.1,1.7,False
data\results\sequences_low_freq\val\sequence_0.npy,0,val,90,G01,data\results\fragments_combined\fragments_32khz\G01\B92C1149_idx190.npy,5191,5198,7,519.1,519.8,0.7,False
data\results\sequences_low_freq\val\sequence_0.npy,0,val,91,G01,data\results\fragments_combined\fragments_32khz\G01\B92C2611_idx228.npy,5198,5274,76,519.8,527.4,7.6,False
data\results\sequences_low_freq\val\sequence_0.npy,0,val,92,Nothing,data\results\fragments_combined\fragments_32khz\Nothing\26D01640_idx270.npy,5274,5343,69,527.4,534.3,6.9,False
data\results\sequences_low_freq\val\sequence_0.npy,0,val,93,G01,data\results\fragments_combined\fragments_32khz\G01\279C2228_idx105.npy,5343,5363,20,534.3,536.3,2.0,False
data\results\sequences_low_freq\val\sequence_0.npy,0,val,94,Nothing,data\results\fragments_combined\fragments_32khz\Nothing\B92C2977_idx653.npy,5363,5419,56,536.3,541.9,5.6,False
data\results\sequences_low_freq\val\sequence_0.npy,0,val,95,G01,data\results\fragments_combined\fragments_32khz\G01\B92C0096_idx160.npy,5419,5426,7,541.9,542.6,0.7,False
data\results\sequences_low_freq\val\sequence_0.npy,0,val,96,G01,data\results\fragments_combined\fragments_32khz\G01\26D01643_idx15.npy,5426,5483,57,542.6,548.3,5.7,False
data\results\sequences_low_freq\val\sequence_0.npy,0,val,97,Nothing,data\results\fragments_combined\fragments_32khz\Nothing\B92C2613_idx615.npy,5483,5544,61,548.3,554.4,6.1,False
data\results\sequences_low_freq\val\sequence_0.npy,0,val,98,G01,data\results\fragments_combined\fragments_32khz\G01\279C2978_idx137.npy,5544,5562,18,554.4,556.2,1.8,False
data\results\sequences_low_freq\val\sequence_0.npy,0,val,99,G01,data\results\fragments_combined\fragments_32khz\G01\279C0445_idx60.npy,5562,5577,15,556.2,557.7,1.5,False
data\results\sequences_low_freq\val\sequence_0.npy,0,val,100,G01,data\results\fragments_combined\fragments_32khz\G01\279C0445_idx58.npy,5577,5582,5,557.7,558.2,0.5,False
data\results\sequences_low_freq\val\sequence_0.npy,0,val,101,Nothing,data\results\fragments_combined\fragments_32khz\Nothing\279C2230_idx455.npy,5582,5645,63,558.2,564.5,6.3,False
data\results\sequences_low_freq\val\sequence_0.npy,0,val,102,G01,data\results\fragments_combined\fragments_32khz\G01\279C1506_idx76.npy,5645,6001,356,564.5,600.1,35.6,False
data\results\sequences_low_freq\val\sequence_0.npy,0,val,103,Nothing,data\results\fragments_combined\fragments_32khz\Nothing\279C2978_idx470.npy,6001,6014,13,600.1,601.4,1.3,False
data\results\sequences_low_freq\val\sequence_0.npy,0,val,104,Nothing,data\results\fragments_combined\fragments_32khz\Nothing\B92C1148_idx547.npy,6014,6065,51,601.4,606.5,5.1,False
data\results\sequences_low_freq\val\sequence_0.npy,0,val,105,Nothing,data\results\fragments_combined\fragments_32khz\Nothing\B92C2614_idx621.npy,6065,6110,45,606.5,611.0,4.5,False
data\results\sequences_low_freq\val\sequence_0.npy,0,val,106,G01,data\results\fragments_combined\fragments_32khz\G01\26D00033_idx1.npy,6110,6121,11,611.0,612.1,1.1,False
data\results\sequences_low_freq\val\sequence_0.npy,0,val,107,Nothing,data\results\fragments_combined\fragments_32khz\Nothing\B92C0765_idx532.npy,6121,6180,59,612.1,618.0,5.9,False
data\results\sequences_low_freq\val\sequence_0.npy,0,val,108,Nothing,data\results\fragments_combined\fragments_32khz\Nothing\279C0443_idx352.npy,6180,6201,21,618.0,620.1,2.1,False
data\results\sequences_low_freq\val\sequence_0.npy,0,val,109,Nothing,data\results\fragments_combined\fragments_32khz\Nothing\26D01636_idx268.npy,6201,6271,70,620.1,627.1,7.0,False
data\results\sequences_low_freq\val\sequence_0.npy,0,val,110,G01,data\results\fragments_combined\fragments_32khz\G01\26D01643_idx17.npy,6271,6288,17,627.1,628.8,1.7,False
data\results\sequences_low_freq\val\sequence_0.npy,0,val,111,Nothing,data\results\fragments_combined\fragments_32khz\Nothing\B92C0105_idx514.npy,6288,6348,60,628.8,634.8,6.0,False
data\results\sequences_low_freq\val\sequence_0.npy,0,val,112,Nothing,data\results\fragments_combined\fragments_32khz\Nothing\279C2980_idx477.npy,6348,6352,4,634.8,635.2,0.4,True
data\results\sequences_low_freq\test\sequence_0.npy,0,test,0,G01,data\results\fragments_combined\fragments_32khz\G01\279C0446_idx64.npy,0,90,90,0.0,9.0,9.0,False
data\results\sequences_low_freq\test\sequence_0.npy,0,test,1,Nothing,data\results\fragments_combined\fragments_32khz\Nothing\279C2228_idx450.npy,90,102,12,9.0,10.2,1.2,False
data\results\sequences_low_freq\test\sequence_0.npy,0,test,2,Nothing,data\results\fragments_combined\fragments_32khz\Nothing\279C1878_idx430.npy,102,162,60,10.2,16.2,6.0,False
data\results\sequences_low_freq\test\sequence_0.npy,0,test,3,Nothing,data\results\fragments_combined\fragments_32khz\Nothing\B92C2967_idx624.npy,162,218,56,16.2,21.8,5.6,False
data\results\sequences_low_freq\test\sequence_0.npy,0,test,4,G01,data\results\fragments_combined\fragments_32khz\G01\279C2227_idx97.npy,218,385,167,21.8,38.5,16.7,False
data\results\sequences_low_freq\test\sequence_0.npy,0,test,5,Nothing,data\results\fragments_combined\fragments_32khz\Nothing\279C0770_idx398.npy,385,443,58,38.5,44.3,5.8,False
data\results\sequences_low_freq\test\sequence_0.npy,0,test,6,Nothing,data\results\fragments_combined\fragments_32khz\Nothing\279C0461_idx383.npy,443,525,82,44.3,52.5,8.2,False
data\results\sequences_low_freq\test\sequence_0.npy,0,test,7,G01,data\results\fragments_combined\fragments_32khz\G01\26D01646_idx19.npy,525,529,4,52.5,52.9,0.4,False
data\results\sequences_low_freq\test\sequence_0.npy,0,test,8,G01,data\results\fragments_combined\fragments_32khz\G01\B92C0105_idx175.npy,529,538,9,52.9,53.8,0.9,False
data\results\sequences_low_freq\test\sequence_0.npy,0,test,9,Nothing,data\results\fragments_combined\fragments_32khz\Nothing\279C2241_idx459.npy,538,604,66,53.8,60.4,6.6,False
data\results\sequences_low_freq\test\sequence_0.npy,0,test,10,G01,data\results\fragments_combined\fragments_32khz\G01\B92C2231_idx205.npy,604,674,70,60.4,67.4,7.0,False
data\results\sequences_low_freq\test\sequence_0.npy,0,test,11,Nothing,data\results\fragments_combined\fragments_32khz\Nothing\279C0439_idx334.npy,674,768,94,67.4,76.8,9.4,False
data\results\sequences_low_freq\test\sequence_0.npy,0,test,12,G01,data\results\fragments_combined\fragments_32khz\G01\B92C2613_idx229.npy,768,785,17,76.8,78.5,1.7,False
data\results\sequences_low_freq\test\sequence_0.npy,0,test,13,G01,data\results\fragments_combined\fragments_32khz\G01\B92C2974_idx237.npy,785,1105,320,78.5,110.5,32.0,False
data\results\sequences_low_freq\test\sequence_0.npy,0,test,14,Nothing,data\results\fragments_combined\fragments_32khz\Nothing\279C0760_idx386.npy,1105,1169,64,110.5,116.9,6.4,False
data\results\sequences_low_freq\test\sequence_0.npy,0,test,15,Nothing,data\results\fragments_combined\fragments_32khz\Nothing\279C0444_idx358.npy,1169,1179,10,116.9,117.9,1.0,False
data\results\sequences_low_freq\test\sequence_0.npy,0,test,16,Nothing,data\results\fragments_combined\fragments_32khz\Nothing\B92C2231_idx593.npy,1179,1278,99,117.9,127.8,9.9,False
data\results\sequences_low_freq\test\sequence_0.npy,0,test,17,G01,data\results\fragments_combined\fragments_32khz\G01\279C2228_idx113.npy,1278,1291,13,127.8,129.1,1.3,False
data\results\sequences_low_freq\test\sequence_0.npy,0,test,18,Nothing,data\results\fragments_combined\fragments_32khz\Nothing\B92C1149_idx553.npy,1291,1307,16,129.1,130.7,1.6,False
data\results\sequences_low_freq\test\sequence_0.npy,0,test,19,Nothing,data\results\fragments_combined\fragments_32khz\Nothing\279C2981_idx482.npy,1307,1355,48,130.7,135.5,4.8,False
data\results\sequences_low_freq\test\sequence_0.npy,0,test,20,Nothing,data\results\fragments_combined\fragments_32khz\Nothing\B92C0777_idx540.npy,1355,1380,25,135.5,138.0,2.5,False
data\results\sequences_low_freq\test\sequence_0.npy,0,test,21,G01,data\results\fragments_combined\fragments_32khz\G01\26D01643_idx14.npy,1380,1395,15,138.0,139.5,1.5,False
data\results\sequences_low_freq\test\sequence_0.npy,0,test,22,Nothing,data\results\fragments_combined\fragments_32khz\Nothing\279C0252_idx316.npy,1395,1489,94,139.5,148.9,9.4,False
data\results\sequences_low_freq\test\sequence_0.npy,0,test,23,G01,data\results\fragments_combined\fragments_32khz\G01\279C2228_idx110.npy,1489,1516,27,148.9,151.6,2.7,False
data\results\sequences_low_freq\test\sequence_0.npy,0,test,24,G01,data\results\fragments_combined\fragments_32khz\G01\279C0268_idx36.npy,1516,2065,549,151.6,206.5,54.9,False
data\results\sequences_low_freq\test\sequence_0.npy,0,test,25,Nothing,data\results\fragments_combined\fragments_32khz\Nothing\B92C2978_idx658.npy,2065,2103,38,206.5,210.3,3.8,False
data\results\sequences_low_freq\test\sequence_0.npy,0,test,26,Nothing,data\results\fragments_combined\fragments_32khz\Nothing\B92C2606_idx607.npy,2103,2119,16,210.3,211.9,1.6,False
data\results\sequences_low_freq\test\sequence_0.npy,0,test,27,Nothing,data\results\fragments_combined\fragments_32khz\Nothing\26D01643_idx274.npy,2119,2197,78,211.9,219.7,7.8,False
data\results\sequences_low_freq\test\sequence_0.npy,0,test,28,G01,data\results\fragments_combined\fragments_32khz\G01\279C0439_idx41.npy,2197,2208,11,219.7,220.8,1.1,False
data\results\sequences_low_freq\test\sequence_0.npy,0,test,29,Nothing,data\results\fragments_combined\fragments_32khz\Nothing\279C0439_idx338.npy,2208,2274,66,220.8,227.4,6.6,False
data\results\sequences_low_freq\test\sequence_0.npy,0,test,30,Nothing,data\results\fragments_combined\fragments_32khz\Nothing\B92C2606_idx604.npy,2274,2329,55,227.4,232.9,5.5,False
data\results\sequences_low_freq\test\sequence_0.npy,0,test,31,Nothing,data\results\fragments_combined\fragments_32khz\Nothing\B92C2232_idx596.npy,2329,2390,61,232.9,239.0,6.1,False
data\results\sequences_low_freq\test\sequence_0.npy,0,test,32,G01,data\results\fragments_combined\fragments_32khz\G01\279C0441_idx47.npy,2390,2395,5,239.0,239.5,0.5,False
data\results\sequences_low_freq\test\sequence_0.npy,0,test,33,Nothing,data\results\fragments_combined\fragments_32khz\Nothing\B92C2233_idx603.npy,2395,2420,25,239.5,242.0,2.5,False
data\results\sequences_low_freq\test\sequence_0.npy,0,test,34,Nothing,data\results\fragments_combined\fragments_32khz\Nothing\279C0440_idx341.npy,2420,2470,50,242.0,247.0,5.0,False
data\results\sequences_low_freq\test\sequence_0.npy,0,test,35,Nothing,data\results\fragments_combined\fragments_32khz\Nothing\279C0770_idx397.npy,2470,2517,47,247.0,251.7,4.7,False
data\results\sequences_low_freq\test\sequence_0.npy,0,test,36,G01,data\results\fragments_combined\fragments_32khz\G01\279C2978_idx139.npy,2517,2529,12,251.7,252.9,1.2,False
data\results\sequences_low_freq\test\sequence_0.npy,0,test,37,Nothing,data\results\fragments_combined\fragments_32khz\Nothing\279C0445_idx362.npy,2529,2614,85,252.9,261.4,8.5,False
data\results\sequences_low_freq\test\sequence_0.npy,0,test,38,Nothing,data\results\fragments_combined\fragments_32khz\Nothing\B92C0088_idx487.npy,2614,2688,74,261.4,268.8,7.4,False
data\results\sequences_low_freq\test\sequence_0.npy,0,test,39,G01,data\results\fragments_combined\fragments_32khz\G01\279C2980_idx141.npy,2688,2700,12,268.8,270.0,1.2,False
data\results\sequences_low_freq\test\sequence_0.npy,0,test,40,G01,data\results\fragments_combined\fragments_32khz\G01\279C0443_idx49.npy,2700,2706,6,270.0,270.6,0.6,False
data\results\sequences_low_freq\test\sequence_0.npy,0,test,41,G01,data\results\fragments_combined\fragments_32khz\G01\B92C0765_idx181.npy,2706,2717,11,270.6,271.7,1.1,False
data\results\sequences_low_freq\test\sequence_0.npy,0,test,42,Nothing,data\results\fragments_combined\fragments_32khz\Nothing\26D00573_idx256.npy,2717,2801,84,271.7,280.1,8.4,False
data\results\sequences_low_freq\test\sequence_0.npy,0,test,43,G01,data\results\fragments_combined\fragments_32khz\G01\279C2227_idx102.npy,2801,2828,27,280.1,282.8,2.7,False
data\results\sequences_low_freq\test\sequence_0.npy,0,test,44,G01,data\results\fragments_combined\fragments_32khz\G01\279C2978_idx140.npy,2828,2842,14,282.8,284.2,1.4,False
data\results\sequences_low_freq\test\sequence_0.npy,0,test,45,G01,data\results\fragments_combined\fragments_32khz\G01\B92C1160_idx194.npy,2842,2862,20,284.2,286.2,2.0,False
data\results\sequences_low_freq\test\sequence_0.npy,0,test,46,Nothing,data\results\fragments_combined\fragments_32khz\Nothing\279C1863_idx406.npy,2862,2896,34,286.2,289.6,3.4,False
data\results\sequences_low_freq\test\sequence_0.npy,0,test,47,G01,data\results\fragments_combined\fragments_32khz\G01\26D01286_idx6.npy,2896,2911,15,289.6,291.1,1.5,False
data\results\sequences_low_freq\test\sequence_0.npy,0,test,48,G01,data\results\fragments_combined\fragments_32khz\G01\B92C2971_idx235.npy,2911,2934,23,291.1,293.4,2.3,False
data\results\sequences_low_freq\test\sequence_0.npy,0,test,49,G01,data\results\fragments_combined\fragments_32khz\G01\279C2978_idx136.npy,2934,2954,20,293.4,295.4,2.0,False
data\results\sequences_low_freq\test\sequence_0.npy,0,test,50,Nothing,data\results\fragments_combined\fragments_32khz\Nothing\B92C2231_idx589.npy,2954,2970,16,295.4,297.0,1.6,True
data\results\sequences_low_freq\test\sequence_0.npy,0,test,51,G01,data\results\fragments_combined\fragments_32khz\G01\B92C0100_idx163.npy,2970,3005,35,297.0,300.5,3.5,False
data\results\sequences_low_freq\test\sequence_0.npy,0,test,52,G01,data\results\fragments_combined\fragments_32khz\G01\26D01646_idx22.npy,3005,3010,5,300.5,301.0,0.5,False
data\results\sequences_low_freq\test\sequence_0.npy,0,test,53,G01,data\results\fragments_combined\fragments_32khz\G01\B92C1160_idx193.npy,3010,3026,16,301.0,302.6,1.6,False
