index,snippet_path,label,source_filepath,onset_s,offset_s,duration_s,n_frames,_manifest_dir,split
0,data\results\fragments_combined\fragments_32khz\G01\26D00033_idx0.npy,G01,G:\F3\AuralF3_20240419\26D00033.WAV,1505.989,1510.366,4.376999999999953,44,data\results\fragments_combined\fragments_32khz,train
1,data\results\fragments_combined\fragments_32khz\G01\26D00033_idx1.npy,G01,G:\F3\AuralF3_20240419\26D00033.WAV,2009.754,2010.839,1.0850000000000364,11,data\results\fragments_combined\fragments_32khz,val
2,data\results\fragments_combined\fragments_32khz\G01\26D00033_idx2.npy,G01,G:\F3\AuralF3_20240419\26D00033.WAV,2025.597,2026.465,0.8679999999999382,9,data\results\fragments_combined\fragments_32khz,train
3,data\results\fragments_combined\fragments_32khz\G01\26D00033_idx3.npy,G01,G:\F3\AuralF3_20240419\26D00033.WAV,2055.014,2057.091,2.076999999999771,21,data\results\fragments_combined\fragments_32khz,train
4,data\results\fragments_combined\fragments_32khz\G01\26D00033_idx4.npy,G01,G:\F3\AuralF3_20240419\26D00033.WAV,2380.334,2383.541,3.2070000000003347,33,data\results\fragments_combined\fragments_32khz,train
5,data\results\fragments_combined\fragments_32khz\G01\26D00573_idx5.npy,G01,G:\F3\AuralF3_20240603\26D00573.WAV,22.63,25.751,3.121000000000002,32,data\results\fragments_combined\fragments_32khz,train
6,data\results\fragments_combined\fragments_32khz\G01\26D01286_idx6.npy,G01,G:\F3\F3a_20250103\26D01286.WAV,325.617,327.096,1.478999999999985,15,data\results\fragments_combined\fragments_32khz,test
7,data\results\fragments_combined\fragments_32khz\G01\26D01286_idx7.npy,G01,G:\F3\F3a_20250103\26D01286.WAV,1629.66,1630.911,1.2509999999999764,13,data\results\fragments_combined\fragments_32khz,train
8,data\results\fragments_combined\fragments_32khz\G01\26D01636_idx8.npy,G01,G:\F3\F3a_20250403\26D01636.WAV,480.768,481.124,0.3560000000000514,4,data\results\fragments_combined\fragments_32khz,train
9,data\results\fragments_combined\fragments_32khz\G01\26D01636_idx9.npy,G01,G:\F3\F3a_20250403\26D01636.WAV,709.07,709.463,0.3929999999999154,4,data\results\fragments_combined\fragments_32khz,train
10,data\results\fragments_combined\fragments_32khz\G01\26D01636_idx10.npy,G01,G:\F3\F3a_20250403\26D01636.WAV,1630.871,1631.197,0.3259999999997944,4,data\results\fragments_combined\fragments_32khz,train
11,data\results\fragments_combined\fragments_32khz\G01\26D01640_idx11.npy,G01,G:\F3\F3a_20250118\26D01640.WAV,1696.547,1697.327,0.7799999999999727,8,data\results\fragments_combined\fragments_32khz,val
12,data\results\fragments_combined\fragments_32khz\G01\26D01643_idx12.npy,G01,G:\F3\F3a_20250118\26D01643.WAV,397.193,398.291,1.0980000000000132,11,data\results\fragments_combined\fragments_32khz,train
13,data\results\fragments_combined\fragments_32khz\G01\26D01643_idx13.npy,G01,G:\F3\F3a_20250118\26D01643.WAV,413.378,415.517,2.13900000000001,22,data\results\fragments_combined\fragments_32khz,train
14,data\results\fragments_combined\fragments_32khz\G01\26D01643_idx14.npy,G01,G:\F3\F3a_20250118\26D01643.WAV,429.8,431.274,1.4739999999999895,15,data\results\fragments_combined\fragments_32khz,test
15,data\results\fragments_combined\fragments_32khz\G01\26D01643_idx15.npy,G01,G:\F3\F3a_20250118\26D01643.WAV,439.338,445.002,5.663999999999987,57,data\results\fragments_combined\fragments_32khz,val
16,data\results\fragments_combined\fragments_32khz\G01\26D01643_idx16.npy,G01,G:\F3\F3a_20250118\26D01643.WAV,456.222,466.309,10.087000000000046,101,data\results\fragments_combined\fragments_32khz,val
17,data\results\fragments_combined\fragments_32khz\G01\26D01643_idx17.npy,G01,G:\F3\F3a_20250118\26D01643.WAV,884.696,886.343,1.6469999999999343,17,data\results\fragments_combined\fragments_32khz,val
18,data\results\fragments_combined\fragments_32khz\G01\26D01646_idx18.npy,G01,G:\F3\F3a_20250118\26D01646.WAV,1662.527,1662.928,0.4010000000000673,5,data\results\fragments_combined\fragments_32khz,train
19,data\results\fragments_combined\fragments_32khz\G01\26D01646_idx19.npy,G01,G:\F3\F3a_20250118\26D01646.WAV,1668.612,1668.997,0.3849999999999909,4,data\results\fragments_combined\fragments_32khz,test
20,data\results\fragments_combined\fragments_32khz\G01\26D01646_idx20.npy,G01,G:\F3\F3a_20250118\26D01646.WAV,1674.533,1674.884,0.3510000000001128,4,data\results\fragments_combined\fragments_32khz,train
21,data\results\fragments_combined\fragments_32khz\G01\26D01646_idx21.npy,G01,G:\F3\F3a_20250118\26D01646.WAV,1675.825,1676.616,0.79099999999994,8,data\results\fragments_combined\fragments_32khz,train
22,data\results\fragments_combined\fragments_32khz\G01\26D01646_idx22.npy,G01,G:\F3\F3a_20250118\26D01646.WAV,1682.097,1682.514,0.4169999999999163,5,data\results\fragments_combined\fragments_32khz,test
23,data\results\fragments_combined\fragments_32khz\G01\26D01649_idx23.npy,G01,G:\F3\F3a_20250118\26D01649.WAV,967.511,968.012,0.5009999999999764,6,data\results\fragments_combined\fragments_32khz,val
24,data\results\fragments_combined\fragments_32khz\G01\26D01659_idx24.npy,G01,G:\F3\AuralF3_20240901\26D01659.WAV,1090.435,1093.666,3.2309999999999945,33,data\results\fragments_combined\fragments_32khz,train
25,data\results\fragments_combined\fragments_32khz\G01\26D02000_idx25.npy,G01,G:\F3\F3a_20250418\26D02000.WAV,96.148,96.463,0.3149999999999977,4,data\results\fragments_combined\fragments_32khz,train
26,data\results\fragments_combined\fragments_32khz\G01\26D02019_idx26.npy,G01,G:\F3\F3a_20250418\26D02019.WAV,1678.636,1682.597,3.9610000000000127,40,data\results\fragments_combined\fragments_32khz,train
27,data\results\fragments_combined\fragments_32khz\G01\279C0115_idx27.npy,G01,G:\F1\F1_20240421\279C0115.WAV,358.664,392.662,33.99799999999999,340,data\results\fragments_combined\fragments_32khz,train
28,data\results\fragments_combined\fragments_32khz\G01\279C0246_idx28.npy,G01,G:\F2\F2a_20250203\279C0246.WAV,706.52,748.204,41.68399999999997,417,data\results\fragments_combined\fragments_32khz,train
29,data\results\fragments_combined\fragments_32khz\G01\279C0252_idx29.npy,G01,G:\F2\F2a_20250203\279C0252.WAV,835.622,840.666,5.044000000000096,51,data\results\fragments_combined\fragments_32khz,train
30,data\results\fragments_combined\fragments_32khz\G01\279C0263_idx30.npy,G01,G:\F2\F2a_20250203\279C0263.WAV,1107.017,1113.0,5.982999999999947,60,data\results\fragments_combined\fragments_32khz,val
31,data\results\fragments_combined\fragments_32khz\G01\279C0263_idx31.npy,G01,G:\F2\F2a_20250203\279C0263.WAV,1277.109,1283.033,5.923999999999978,60,data\results\fragments_combined\fragments_32khz,val
32,data\results\fragments_combined\fragments_32khz\G01\279C0265_idx32.npy,G01,G:\F2\F2a_20250203\279C0265.WAV,636.827,640.208,3.380999999999972,34,data\results\fragments_combined\fragments_32khz,train
33,data\results\fragments_combined\fragments_32khz\G01\279C0265_idx33.npy,G01,G:\F2\F2a_20250203\279C0265.WAV,936.884,939.254,2.3700000000000045,24,data\results\fragments_combined\fragments_32khz,train
34,data\results\fragments_combined\fragments_32khz\G01\279C0265_idx34.npy,G01,G:\F2\F2a_20250203\279C0265.WAV,1588.114,1641.176,53.0619999999999,531,data\results\fragments_combined\fragments_32khz,val
35,data\results\fragments_combined\fragments_32khz\G01\279C0268_idx35.npy,G01,G:\F2\F2a_20250203\279C0268.WAV,105.178,105.872,0.6940000000000026,7,data\results\fragments_combined\fragments_32khz,val
36,data\results\fragments_combined\fragments_32khz\G01\279C0268_idx36.npy,G01,G:\F2\F2a_20250203\279C0268.WAV,1577.616,1632.506,54.8900000000001,549,data\results\fragments_combined\fragments_32khz,test
37,data\results\fragments_combined\fragments_32khz\G01\279C0439_idx37.npy,G01,G:\F2\F2a_20250211\279C0439.WAV,13.824,21.868,8.043999999999999,81,data\results\fragments_combined\fragments_32khz,train
38,data\results\fragments_combined\fragments_32khz\G01\279C0439_idx38.npy,G01,G:\F2\F2a_20250211\279C0439.WAV,572.329,579.214,6.885000000000105,69,data\results\fragments_combined\fragments_32khz,train
39,data\results\fragments_combined\fragments_32khz\G01\279C0439_idx39.npy,G01,G:\F2\F2a_20250211\279C0439.WAV,652.382,661.2,8.818000000000097,89,data\results\fragments_combined\fragments_32khz,train
40,data\results\fragments_combined\fragments_32khz\G01\279C0439_idx40.npy,G01,G:\F2\F2a_20250211\279C0439.WAV,1139.421,1146.193,6.771999999999935,68,data\results\fragments_combined\fragments_32khz,val
41,data\results\fragments_combined\fragments_32khz\G01\279C0439_idx41.npy,G01,G:\F2\F2a_20250211\279C0439.WAV,1255.129,1256.219,1.0900000000001455,11,data\results\fragments_combined\fragments_32khz,test
42,data\results\fragments_combined\fragments_32khz\G01\279C0439_idx42.npy,G01,G:\F2\F2a_20250211\279C0439.WAV,1301.641,1302.156,0.5149999999998727,6,data\results\fragments_combined\fragments_32khz,val
43,data\results\fragments_combined\fragments_32khz\G01\279C0439_idx43.npy,G01,G:\F2\F2a_20250211\279C0439.WAV,1534.91,1535.736,0.8260000000000218,9,data\results\fragments_combined\fragments_32khz,val
44,data\results\fragments_combined\fragments_32khz\G01\279C0439_idx44.npy,G01,G:\F2\F2a_20250211\279C0439.WAV,1605.16,1606.337,1.1769999999999072,12,data\results\fragments_combined\fragments_32khz,val
45,data\results\fragments_combined\fragments_32khz\G01\279C0440_idx45.npy,G01,G:\F2\F2a_20250211\279C0440.WAV,187.871,194.004,6.132999999999981,62,data\results\fragments_combined\fragments_32khz,train
46,data\results\fragments_combined\fragments_32khz\G01\279C0440_idx46.npy,G01,G:\F2\F2a_20250211\279C0440.WAV,1791.506,1799.463,7.95699999999988,80,data\results\fragments_combined\fragments_32khz,train
47,data\results\fragments_combined\fragments_32khz\G01\279C0441_idx47.npy,G01,G:\F2\F2a_20250211\279C0441.WAV,110.371,110.851,0.480000000000004,5,data\results\fragments_combined\fragments_32khz,test
48,data\results\fragments_combined\fragments_32khz\G01\279C0443_idx48.npy,G01,G:\F2\F2a_20250211\279C0443.WAV,1315.664,1316.404,0.7400000000000091,8,data\results\fragments_combined\fragments_32khz,train
49,data\results\fragments_combined\fragments_32khz\G01\279C0443_idx49.npy,G01,G:\F2\F2a_20250211\279C0443.WAV,1392.162,1392.72,0.5579999999999927,6,data\results\fragments_combined\fragments_32khz,test
50,data\results\fragments_combined\fragments_32khz\G01\279C0444_idx50.npy,G01,G:\F2\F2a_20250211\279C0444.WAV,106.308,106.962,0.6539999999999964,7,data\results\fragments_combined\fragments_32khz,train
51,data\results\fragments_combined\fragments_32khz\G01\279C0444_idx51.npy,G01,G:\F2\F2a_20250211\279C0444.WAV,295.94,296.262,0.3220000000000027,4,data\results\fragments_combined\fragments_32khz,train
52,data\results\fragments_combined\fragments_32khz\G01\279C0444_idx52.npy,G01,G:\F2\F2a_20250211\279C0444.WAV,312.86,314.158,1.2980000000000018,13,data\results\fragments_combined\fragments_32khz,train
53,data\results\fragments_combined\fragments_32khz\G01\279C0444_idx53.npy,G01,G:\F2\F2a_20250211\279C0444.WAV,337.791,339.168,1.3770000000000095,14,data\results\fragments_combined\fragments_32khz,val
54,data\results\fragments_combined\fragments_32khz\G01\279C0444_idx54.npy,G01,G:\F2\F2a_20250211\279C0444.WAV,1084.263,1084.847,0.58400000000006,6,data\results\fragments_combined\fragments_32khz,train
55,data\results\fragments_combined\fragments_32khz\G01\279C0444_idx55.npy,G01,G:\F2\F2a_20250211\279C0444.WAV,1244.705,1245.332,0.6270000000001801,7,data\results\fragments_combined\fragments_32khz,train
56,data\results\fragments_combined\fragments_32khz\G01\279C0445_idx56.npy,G01,G:\F2\F2a_20250211\279C0445.WAV,925.313,927.483,2.169999999999959,22,data\results\fragments_combined\fragments_32khz,train
57,data\results\fragments_combined\fragments_32khz\G01\279C0445_idx57.npy,G01,G:\F2\F2a_20250211\279C0445.WAV,969.333,973.124,3.7910000000000537,38,data\results\fragments_combined\fragments_32khz,val
58,data\results\fragments_combined\fragments_32khz\G01\279C0445_idx58.npy,G01,G:\F2\F2a_20250211\279C0445.WAV,1111.5,1111.901,0.4010000000000673,5,data\results\fragments_combined\fragments_32khz,val
59,data\results\fragments_combined\fragments_32khz\G01\279C0445_idx59.npy,G01,G:\F2\F2a_20250211\279C0445.WAV,1123.348,1123.914,0.5660000000000309,6,data\results\fragments_combined\fragments_32khz,train
60,data\results\fragments_combined\fragments_32khz\G01\279C0445_idx60.npy,G01,G:\F2\F2a_20250211\279C0445.WAV,1188.312,1189.768,1.456000000000131,15,data\results\fragments_combined\fragments_32khz,val
61,data\results\fragments_combined\fragments_32khz\G01\279C0445_idx61.npy,G01,G:\F2\F2a_20250211\279C0445.WAV,1227.418,1227.802,0.3840000000000145,4,data\results\fragments_combined\fragments_32khz,val
62,data\results\fragments_combined\fragments_32khz\G01\279C0445_idx62.npy,G01,G:\F2\F2a_20250211\279C0445.WAV,1251.665,1253.329,1.6639999999999873,17,data\results\fragments_combined\fragments_32khz,train
63,data\results\fragments_combined\fragments_32khz\G01\279C0445_idx63.npy,G01,G:\F2\F2a_20250211\279C0445.WAV,1286.385,1287.422,1.0370000000000346,11,data\results\fragments_combined\fragments_32khz,val
64,data\results\fragments_combined\fragments_32khz\G01\279C0446_idx64.npy,G01,G:\F2\F2a_20250211\279C0446.WAV,294.242,303.143,8.900999999999954,90,data\results\fragments_combined\fragments_32khz,test
65,data\results\fragments_combined\fragments_32khz\G01\279C0446_idx65.npy,G01,G:\F2\F2a_20250211\279C0446.WAV,872.601,873.377,0.7759999999999536,8,data\results\fragments_combined\fragments_32khz,train
66,data\results\fragments_combined\fragments_32khz\G01\279C0446_idx66.npy,G01,G:\F2\F2a_20250211\279C0446.WAV,1190.127,1196.376,6.249000000000024,63,data\results\fragments_combined\fragments_32khz,train
67,data\results\fragments_combined\fragments_32khz\G01\279C0450_idx67.npy,G01,G:\F2\F2a_20250211\279C0450.WAV,420.451,453.835,33.38399999999996,334,data\results\fragments_combined\fragments_32khz,train
68,data\results\fragments_combined\fragments_32khz\G01\279C0450_idx68.npy,G01,G:\F2\F2a_20250211\279C0450.WAV,1648.956,1649.287,0.3310000000001309,4,data\results\fragments_combined\fragments_32khz,train
69,data\results\fragments_combined\fragments_32khz\G01\279C0454_idx69.npy,G01,G:\F2\F2a_20250211\279C0454.WAV,97.892,102.13,4.238,43,data\results\fragments_combined\fragments_32khz,val
70,data\results\fragments_combined\fragments_32khz\G01\279C0461_idx70.npy,G01,G:\F2\F2a_20250211\279C0461.WAV,28.519,54.791,26.272,263,data\results\fragments_combined\fragments_32khz,train
71,data\results\fragments_combined\fragments_32khz\G01\279C0461_idx71.npy,G01,G:\F2\F2a_20250211\279C0461.WAV,164.574,169.001,4.4269999999999925,45,data\results\fragments_combined\fragments_32khz,train
72,data\results\fragments_combined\fragments_32khz\G01\279C0760_idx72.npy,G01,G:\F1\F1_20240518\279C0760.WAV,1497.718,1498.081,0.362999999999829,4,data\results\fragments_combined\fragments_32khz,train
73,data\results\fragments_combined\fragments_32khz\G01\279C0768_idx73.npy,G01,G:\F1\F1_20240518\279C0768.WAV,244.112,270.161,26.049000000000007,261,data\results\fragments_combined\fragments_32khz,train
74,data\results\fragments_combined\fragments_32khz\G01\279C0768_idx74.npy,G01,G:\F1\F1_20240518\279C0768.WAV,279.949,280.711,0.7620000000000005,8,data\results\fragments_combined\fragments_32khz,train
75,data\results\fragments_combined\fragments_32khz\G01\279C0770_idx75.npy,G01,G:\F1\F1_20240518\279C0770.WAV,654.641,656.311,1.6700000000000728,17,data\results\fragments_combined\fragments_32khz,train
76,data\results\fragments_combined\fragments_32khz\G01\279C1506_idx76.npy,G01,G:\F1\F1_20240618\279C1506.WAV,1313.483,1349.031,35.548,356,data\results\fragments_combined\fragments_32khz,val
77,data\results\fragments_combined\fragments_32khz\G01\279C1863_idx77.npy,G01,G:\F1\F1_20240703\279C1863.WAV,1524.721,1541.861,17.1400000000001,172,data\results\fragments_combined\fragments_32khz,val
78,data\results\fragments_combined\fragments_32khz\G01\279C1863_idx78.npy,G01,G:\F1\F1_20240703\279C1863.WAV,1597.819,1599.026,1.207000000000107,13,data\results\fragments_combined\fragments_32khz,train
79,data\results\fragments_combined\fragments_32khz\G01\279C1864_idx79.npy,G01,G:\F1\F1_20240703\279C1864.WAV,679.876,710.16,30.283999999999992,303,data\results\fragments_combined\fragments_32khz,train
80,data\results\fragments_combined\fragments_32khz\G01\279C1867_idx80.npy,G01,G:\F1\F1_20240703\279C1867.WAV,0.233,12.233,12.0,121,data\results\fragments_combined\fragments_32khz,train
81,data\results\fragments_combined\fragments_32khz\G01\279C1867_idx81.npy,G01,G:\F1\F1_20240703\279C1867.WAV,30.504,54.901,24.397,244,data\results\fragments_combined\fragments_32khz,train
82,data\results\fragments_combined\fragments_32khz\G01\279C1870_idx82.npy,G01,G:\F1\F1_20240703\279C1870.WAV,1095.581,1097.424,1.8430000000000744,19,data\results\fragments_combined\fragments_32khz,train
83,data\results\fragments_combined\fragments_32khz\G01\279C1870_idx83.npy,G01,G:\F1\F1_20240703\279C1870.WAV,1457.958,1468.221,10.26299999999992,103,data\results\fragments_combined\fragments_32khz,train
84,data\results\fragments_combined\fragments_32khz\G01\279C1870_idx84.npy,G01,G:\F1\F1_20240703\279C1870.WAV,1491.11,1492.445,1.3350000000000364,14,data\results\fragments_combined\fragments_32khz,train
85,data\results\fragments_combined\fragments_32khz\G01\279C1870_idx85.npy,G01,G:\F1\F1_20240703\279C1870.WAV,1645.56,1646.449,0.8890000000001237,9,data\results\fragments_combined\fragments_32khz,train
86,data\results\fragments_combined\fragments_32khz\G01\279C1870_idx86.npy,G01,G:\F1\F1_20240703\279C1870.WAV,1739.259,1740.191,0.9320000000000164,10,data\results\fragments_combined\fragments_32khz,train
87,data\results\fragments_combined\fragments_32khz\G01\279C1871_idx87.npy,G01,G:\F1\F1_20240703\279C1871.WAV,264.051,265.068,1.016999999999996,11,data\results\fragments_combined\fragments_32khz,train
88,data\results\fragments_combined\fragments_32khz\G01\279C1871_idx88.npy,G01,G:\F1\F1_20240703\279C1871.WAV,799.645,846.39,46.745000000000005,468,data\results\fragments_combined\fragments_32khz,train
89,data\results\fragments_combined\fragments_32khz\G01\279C1871_idx89.npy,G01,G:\F1\F1_20240703\279C1871.WAV,1501.719,1503.096,1.3769999999999527,14,data\results\fragments_combined\fragments_32khz,train
90,data\results\fragments_combined\fragments_32khz\G01\279C1871_idx90.npy,G01,G:\F1\F1_20240703\279C1871.WAV,1540.837,1548.952,8.115000000000009,82,data\results\fragments_combined\fragments_32khz,train
91,data\results\fragments_combined\fragments_32khz\G01\279C1878_idx91.npy,G01,G:\F1\F1_20240703\279C1878.WAV,1131.246,1132.951,1.7049999999999272,18,data\results\fragments_combined\fragments_32khz,train
92,data\results\fragments_combined\fragments_32khz\G01\279C2223_idx92.npy,G01,G:\F1\F1_20240718\279C2223.WAV,24.836,25.443,0.6070000000000029,7,data\results\fragments_combined\fragments_32khz,train
93,data\results\fragments_combined\fragments_32khz\G01\279C2223_idx93.npy,G01,G:\F1\F1_20240718\279C2223.WAV,1546.229,1550.68,4.451000000000022,45,data\results\fragments_combined\fragments_32khz,train
94,data\results\fragments_combined\fragments_32khz\G01\279C2223_idx94.npy,G01,G:\F1\F1_20240718\279C2223.WAV,1615.145,1620.342,5.197000000000116,52,data\results\fragments_combined\fragments_32khz,train
95,data\results\fragments_combined\fragments_32khz\G01\279C2224_idx95.npy,G01,G:\F1\F1_20240718\279C2224.WAV,1583.79,1585.119,1.3289999999999509,14,data\results\fragments_combined\fragments_32khz,train
96,data\results\fragments_combined\fragments_32khz\G01\279C2227_idx96.npy,G01,G:\F1\F1_20240718\279C2227.WAV,1447.11,1453.987,6.87700000000018,69,data\results\fragments_combined\fragments_32khz,train
97,data\results\fragments_combined\fragments_32khz\G01\279C2227_idx97.npy,G01,G:\F1\F1_20240718\279C2227.WAV,1484.972,1501.606,16.634000000000015,167,data\results\fragments_combined\fragments_32khz,test
98,data\results\fragments_combined\fragments_32khz\G01\279C2227_idx98.npy,G01,G:\F1\F1_20240718\279C2227.WAV,1549.348,1552.492,3.144000000000005,32,data\results\fragments_combined\fragments_32khz,train
99,data\results\fragments_combined\fragments_32khz\G01\279C2227_idx99.npy,G01,G:\F1\F1_20240718\279C2227.WAV,1592.264,1593.305,1.0410000000001671,11,data\results\fragments_combined\fragments_32khz,train
100,data\results\fragments_combined\fragments_32khz\G01\279C2227_idx100.npy,G01,G:\F1\F1_20240718\279C2227.WAV,1681.409,1695.484,14.074999999999818,141,data\results\fragments_combined\fragments_32khz,train
101,data\results\fragments_combined\fragments_32khz\G01\279C2227_idx101.npy,G01,G:\F1\F1_20240718\279C2227.WAV,1704.299,1705.021,0.72199999999998,8,data\results\fragments_combined\fragments_32khz,train
102,data\results\fragments_combined\fragments_32khz\G01\279C2227_idx102.npy,G01,G:\F1\F1_20240718\279C2227.WAV,1709.36,1711.99,2.630000000000109,27,data\results\fragments_combined\fragments_32khz,test
103,data\results\fragments_combined\fragments_32khz\G01\279C2227_idx103.npy,G01,G:\F1\F1_20240718\279C2227.WAV,1728.897,1762.108,33.21100000000001,333,data\results\fragments_combined\fragments_32khz,train
104,data\results\fragments_combined\fragments_32khz\G01\279C2227_idx104.npy,G01,G:\F1\F1_20240718\279C2227.WAV,1783.932,1787.227,3.2950000000000728,33,data\results\fragments_combined\fragments_32khz,train
105,data\results\fragments_combined\fragments_32khz\G01\279C2228_idx105.npy,G01,G:\F1\F1_20240718\279C2228.WAV,140.108,142.045,1.9369999999999836,20,data\results\fragments_combined\fragments_32khz,val
106,data\results\fragments_combined\fragments_32khz\G01\279C2228_idx106.npy,G01,G:\F1\F1_20240718\279C2228.WAV,254.513,256.165,1.6520000000000152,17,data\results\fragments_combined\fragments_32khz,train
107,data\results\fragments_combined\fragments_32khz\G01\279C2228_idx107.npy,G01,G:\F1\F1_20240718\279C2228.WAV,430.31,432.42,2.1100000000000136,22,data\results\fragments_combined\fragments_32khz,train
108,data\results\fragments_combined\fragments_32khz\G01\279C2228_idx108.npy,G01,G:\F1\F1_20240718\279C2228.WAV,449.646,451.594,1.947999999999979,20,data\results\fragments_combined\fragments_32khz,train
109,data\results\fragments_combined\fragments_32khz\G01\279C2228_idx109.npy,G01,G:\F1\F1_20240718\279C2228.WAV,588.824,589.834,1.009999999999991,11,data\results\fragments_combined\fragments_32khz,val
110,data\results\fragments_combined\fragments_32khz\G01\279C2228_idx110.npy,G01,G:\F1\F1_20240718\279C2228.WAV,649.088,651.779,2.691000000000031,27,data\results\fragments_combined\fragments_32khz,test
111,data\results\fragments_combined\fragments_32khz\G01\279C2228_idx111.npy,G01,G:\F1\F1_20240718\279C2228.WAV,710.311,726.322,16.010999999999967,161,data\results\fragments_combined\fragments_32khz,train
112,data\results\fragments_combined\fragments_32khz\G01\279C2228_idx112.npy,G01,G:\F1\F1_20240718\279C2228.WAV,740.602,742.712,2.1100000000000136,22,data\results\fragments_combined\fragments_32khz,train
113,data\results\fragments_combined\fragments_32khz\G01\279C2228_idx113.npy,G01,G:\F1\F1_20240718\279C2228.WAV,777.773,778.987,1.2139999999999418,13,data\results\fragments_combined\fragments_32khz,test
114,data\results\fragments_combined\fragments_32khz\G01\279C2228_idx114.npy,G01,G:\F1\F1_20240718\279C2228.WAV,934.29,935.273,0.9830000000000608,10,data\results\fragments_combined\fragments_32khz,train
115,data\results\fragments_combined\fragments_32khz\G01\279C2228_idx115.npy,G01,G:\F1\F1_20240718\279C2228.WAV,941.663,967.302,25.63900000000001,257,data\results\fragments_combined\fragments_32khz,train
116,data\results\fragments_combined\fragments_32khz\G01\279C2230_idx116.npy,G01,G:\F1\F1_20240718\279C2230.WAV,133.109,138.629,5.519999999999982,56,data\results\fragments_combined\fragments_32khz,train
117,data\results\fragments_combined\fragments_32khz\G01\279C2230_idx117.npy,G01,G:\F1\F1_20240718\279C2230.WAV,173.95,186.814,12.864000000000004,129,data\results\fragments_combined\fragments_32khz,train
118,data\results\fragments_combined\fragments_32khz\G01\279C2230_idx118.npy,G01,G:\F1\F1_20240718\279C2230.WAV,237.568,242.106,4.537999999999983,46,data\results\fragments_combined\fragments_32khz,train
119,data\results\fragments_combined\fragments_32khz\G01\279C2230_idx119.npy,G01,G:\F1\F1_20240718\279C2230.WAV,265.952,268.64,2.687999999999988,27,data\results\fragments_combined\fragments_32khz,train
120,data\results\fragments_combined\fragments_32khz\G01\279C2230_idx120.npy,G01,G:\F1\F1_20240718\279C2230.WAV,536.733,552.426,15.693000000000096,157,data\results\fragments_combined\fragments_32khz,train
121,data\results\fragments_combined\fragments_32khz\G01\279C2241_idx121.npy,G01,G:\F1\F1_20240718\279C2241.WAV,991.278,993.359,2.0810000000000173,21,data\results\fragments_combined\fragments_32khz,train
122,data\results\fragments_combined\fragments_32khz\G01\279C2241_idx122.npy,G01,G:\F1\F1_20240718\279C2241.WAV,1146.957,1154.356,7.398999999999887,74,data\results\fragments_combined\fragments_32khz,val
123,data\results\fragments_combined\fragments_32khz\G01\279C2624_idx123.npy,G01,G:\F1\F1_20240803\279C2624.WAV,299.919,334.315,34.396000000000015,344,data\results\fragments_combined\fragments_32khz,train
124,data\results\fragments_combined\fragments_32khz\G01\279C2624_idx124.npy,G01,G:\F1\F1_20240803\279C2624.WAV,523.692,549.199,25.506999999999948,256,data\results\fragments_combined\fragments_32khz,train
125,data\results\fragments_combined\fragments_32khz\G01\279C2624_idx125.npy,G01,G:\F1\F1_20240803\279C2624.WAV,586.58,602.16,15.579999999999927,156,data\results\fragments_combined\fragments_32khz,train
126,data\results\fragments_combined\fragments_32khz\G01\279C2624_idx126.npy,G01,G:\F1\F1_20240803\279C2624.WAV,623.242,632.373,9.131000000000084,92,data\results\fragments_combined\fragments_32khz,train
127,data\results\fragments_combined\fragments_32khz\G01\279C2624_idx127.npy,G01,G:\F1\F1_20240803\279C2624.WAV,813.59,814.822,1.231999999999971,13,data\results\fragments_combined\fragments_32khz,train
128,data\results\fragments_combined\fragments_32khz\G01\279C2624_idx128.npy,G01,G:\F1\F1_20240803\279C2624.WAV,967.233,978.416,11.183000000000106,112,data\results\fragments_combined\fragments_32khz,train
129,data\results\fragments_combined\fragments_32khz\G01\279C2624_idx129.npy,G01,G:\F1\F1_20240803\279C2624.WAV,993.87,1016.37,22.5,226,data\results\fragments_combined\fragments_32khz,val
130,data\results\fragments_combined\fragments_32khz\G01\279C2978_idx130.npy,G01,G:\F1\F1_20240818\279C2978.WAV,543.527,544.743,1.2160000000000082,13,data\results\fragments_combined\fragments_32khz,train
131,data\results\fragments_combined\fragments_32khz\G01\279C2978_idx131.npy,G01,G:\F1\F1_20240818\279C2978.WAV,546.524,549.333,2.808999999999969,29,data\results\fragments_combined\fragments_32khz,train
132,data\results\fragments_combined\fragments_32khz\G01\279C2978_idx132.npy,G01,G:\F1\F1_20240818\279C2978.WAV,551.797,552.698,0.9009999999999536,10,data\results\fragments_combined\fragments_32khz,train
133,data\results\fragments_combined\fragments_32khz\G01\279C2978_idx133.npy,G01,G:\F1\F1_20240818\279C2978.WAV,571.398,572.614,1.2160000000000082,13,data\results\fragments_combined\fragments_32khz,train
134,data\results\fragments_combined\fragments_32khz\G01\279C2978_idx134.npy,G01,G:\F1\F1_20240818\279C2978.WAV,574.6,575.318,0.7179999999999609,8,data\results\fragments_combined\fragments_32khz,train
135,data\results\fragments_combined\fragments_32khz\G01\279C2978_idx135.npy,G01,G:\F1\F1_20240818\279C2978.WAV,577.2,577.9,0.6999999999999318,8,data\results\fragments_combined\fragments_32khz,train
136,data\results\fragments_combined\fragments_32khz\G01\279C2978_idx136.npy,G01,G:\F1\F1_20240818\279C2978.WAV,1124.61,1126.562,1.9519999999999984,20,data\results\fragments_combined\fragments_32khz,test
137,data\results\fragments_combined\fragments_32khz\G01\279C2978_idx137.npy,G01,G:\F1\F1_20240818\279C2978.WAV,1253.241,1255.0,1.7590000000000146,18,data\results\fragments_combined\fragments_32khz,val
138,data\results\fragments_combined\fragments_32khz\G01\279C2978_idx138.npy,G01,G:\F1\F1_20240818\279C2978.WAV,1325.612,1326.837,1.224999999999909,13,data\results\fragments_combined\fragments_32khz,train
139,data\results\fragments_combined\fragments_32khz\G01\279C2978_idx139.npy,G01,G:\F1\F1_20240818\279C2978.WAV,1362.335,1363.464,1.1289999999999054,12,data\results\fragments_combined\fragments_32khz,test
140,data\results\fragments_combined\fragments_32khz\G01\279C2978_idx140.npy,G01,G:\F1\F1_20240818\279C2978.WAV,1387.462,1388.792,1.3299999999999272,14,data\results\fragments_combined\fragments_32khz,test
141,data\results\fragments_combined\fragments_32khz\G01\279C2980_idx141.npy,G01,G:\F1\F1_20240818\279C2980.WAV,406.458,407.56,1.1019999999999754,12,data\results\fragments_combined\fragments_32khz,test
142,data\results\fragments_combined\fragments_32khz\G01\279C2980_idx142.npy,G01,G:\F1\F1_20240818\279C2980.WAV,534.64,536.154,1.51400000000001,16,data\results\fragments_combined\fragments_32khz,val
143,data\results\fragments_combined\fragments_32khz\G01\279C2981_idx143.npy,G01,G:\F1\F1_20240818\279C2981.WAV,1224.3,1227.149,2.8489999999999327,29,data\results\fragments_combined\fragments_32khz,train
144,data\results\fragments_combined\fragments_32khz\G01\B92C0088_idx144.npy,G01,G:\F2\F2_20240420\B92C0088.WAV,750.988,752.028,1.0399999999999636,11,data\results\fragments_combined\fragments_32khz,train
145,data\results\fragments_combined\fragments_32khz\G01\B92C0091_idx145.npy,G01,G:\F2\F2_20240420\B92C0091.WAV,1190.162,1190.821,0.6589999999998781,7,data\results\fragments_combined\fragments_32khz,train
146,data\results\fragments_combined\fragments_32khz\G01\B92C0091_idx146.npy,G01,G:\F2\F2_20240420\B92C0091.WAV,1559.016,1572.195,13.17899999999986,132,data\results\fragments_combined\fragments_32khz,train
147,data\results\fragments_combined\fragments_32khz\G01\B92C0091_idx147.npy,G01,G:\F2\F2_20240420\B92C0091.WAV,1696.338,1697.49,1.1520000000000437,12,data\results\fragments_combined\fragments_32khz,train
148,data\results\fragments_combined\fragments_32khz\G01\B92C0091_idx148.npy,G01,G:\F2\F2_20240420\B92C0091.WAV,1704.472,1705.725,1.252999999999929,13,data\results\fragments_combined\fragments_32khz,train
149,data\results\fragments_combined\fragments_32khz\G01\B92C0091_idx149.npy,G01,G:\F2\F2_20240420\B92C0091.WAV,1725.912,1726.578,0.66599999999994,7,data\results\fragments_combined\fragments_32khz,train
150,data\results\fragments_combined\fragments_32khz\G01\B92C0091_idx150.npy,G01,G:\F2\F2_20240420\B92C0091.WAV,1758.046,1758.63,0.58400000000006,6,data\results\fragments_combined\fragments_32khz,train
151,data\results\fragments_combined\fragments_32khz\G01\B92C0091_idx151.npy,G01,G:\F2\F2_20240420\B92C0091.WAV,1768.835,1780.545,11.710000000000036,118,data\results\fragments_combined\fragments_32khz,train
152,data\results\fragments_combined\fragments_32khz\G01\B92C0092_idx152.npy,G01,G:\F2\F2_20240420\B92C0092.WAV,407.512,410.285,2.773000000000025,28,data\results\fragments_combined\fragments_32khz,train
153,data\results\fragments_combined\fragments_32khz\G01\B92C0092_idx153.npy,G01,G:\F2\F2_20240420\B92C0092.WAV,615.144,636.107,20.962999999999965,210,data\results\fragments_combined\fragments_32khz,train
154,data\results\fragments_combined\fragments_32khz\G01\B92C0092_idx154.npy,G01,G:\F2\F2_20240420\B92C0092.WAV,652.024,662.13,10.105999999999996,102,data\results\fragments_combined\fragments_32khz,train
155,data\results\fragments_combined\fragments_32khz\G01\B92C0092_idx155.npy,G01,G:\F2\F2_20240420\B92C0092.WAV,708.172,709.078,0.9059999999999492,10,data\results\fragments_combined\fragments_32khz,train
156,data\results\fragments_combined\fragments_32khz\G01\B92C0092_idx156.npy,G01,G:\F2\F2_20240420\B92C0092.WAV,802.415,807.543,5.128000000000043,52,data\results\fragments_combined\fragments_32khz,train
157,data\results\fragments_combined\fragments_32khz\G01\B92C0092_idx157.npy,G01,G:\F2\F2_20240420\B92C0092.WAV,1690.926,1691.694,0.7680000000000291,8,data\results\fragments_combined\fragments_32khz,val
158,data\results\fragments_combined\fragments_32khz\G01\B92C0096_idx158.npy,G01,G:\F2\F2_20240420\B92C0096.WAV,910.512,911.597,1.0850000000000364,11,data\results\fragments_combined\fragments_32khz,train
159,data\results\fragments_combined\fragments_32khz\G01\B92C0096_idx159.npy,G01,G:\F2\F2_20240420\B92C0096.WAV,1313.44,1314.175,0.7349999999999,8,data\results\fragments_combined\fragments_32khz,train
160,data\results\fragments_combined\fragments_32khz\G01\B92C0096_idx160.npy,G01,G:\F2\F2_20240420\B92C0096.WAV,1325.14,1325.758,0.6179999999999382,7,data\results\fragments_combined\fragments_32khz,val
161,data\results\fragments_combined\fragments_32khz\G01\B92C0096_idx161.npy,G01,G:\F2\F2_20240420\B92C0096.WAV,1334.611,1334.928,0.3170000000000073,4,data\results\fragments_combined\fragments_32khz,train
162,data\results\fragments_combined\fragments_32khz\G01\B92C0096_idx162.npy,G01,G:\F2\F2_20240420\B92C0096.WAV,1465.802,1467.122,1.3200000000001637,14,data\results\fragments_combined\fragments_32khz,train
163,data\results\fragments_combined\fragments_32khz\G01\B92C0100_idx163.npy,G01,G:\F2\F2_20240420\B92C0100.WAV,384.009,387.469,3.4599999999999795,35,data\results\fragments_combined\fragments_32khz,test
164,data\results\fragments_combined\fragments_32khz\G01\B92C0100_idx164.npy,G01,G:\F2\F2_20240420\B92C0100.WAV,604.127,612.345,8.218000000000075,83,data\results\fragments_combined\fragments_32khz,val
165,data\results\fragments_combined\fragments_32khz\G01\B92C0100_idx165.npy,G01,G:\F2\F2_20240420\B92C0100.WAV,1031.968,1035.242,3.2739999999998872,33,data\results\fragments_combined\fragments_32khz,train
166,data\results\fragments_combined\fragments_32khz\G01\B92C0104_idx166.npy,G01,G:\F2\F2_20240420\B92C0104.WAV,831.497,848.218,16.721000000000004,168,data\results\fragments_combined\fragments_32khz,train
167,data\results\fragments_combined\fragments_32khz\G01\B92C0105_idx167.npy,G01,G:\F2\F2_20240420\B92C0105.WAV,122.864,123.755,0.8909999999999911,9,data\results\fragments_combined\fragments_32khz,val
168,data\results\fragments_combined\fragments_32khz\G01\B92C0105_idx168.npy,G01,G:\F2\F2_20240420\B92C0105.WAV,273.676,286.488,12.812000000000012,129,data\results\fragments_combined\fragments_32khz,train
169,data\results\fragments_combined\fragments_32khz\G01\B92C0105_idx169.npy,G01,G:\F2\F2_20240420\B92C0105.WAV,296.651,315.559,18.908000000000012,190,data\results\fragments_combined\fragments_32khz,train
170,data\results\fragments_combined\fragments_32khz\G01\B92C0105_idx170.npy,G01,G:\F2\F2_20240420\B92C0105.WAV,358.478,359.841,1.3629999999999995,14,data\results\fragments_combined\fragments_32khz,train
171,data\results\fragments_combined\fragments_32khz\G01\B92C0105_idx171.npy,G01,G:\F2\F2_20240420\B92C0105.WAV,504.96,506.113,1.15300000000002,12,data\results\fragments_combined\fragments_32khz,train
172,data\results\fragments_combined\fragments_32khz\G01\B92C0105_idx172.npy,G01,G:\F2\F2_20240420\B92C0105.WAV,523.575,524.437,0.8619999999999663,9,data\results\fragments_combined\fragments_32khz,train
173,data\results\fragments_combined\fragments_32khz\G01\B92C0105_idx173.npy,G01,G:\F2\F2_20240420\B92C0105.WAV,529.037,533.029,3.991999999999962,40,data\results\fragments_combined\fragments_32khz,train
174,data\results\fragments_combined\fragments_32khz\G01\B92C0105_idx174.npy,G01,G:\F2\F2_20240420\B92C0105.WAV,573.249,575.504,2.2549999999999955,23,data\results\fragments_combined\fragments_32khz,train
175,data\results\fragments_combined\fragments_32khz\G01\B92C0105_idx175.npy,G01,G:\F2\F2_20240420\B92C0105.WAV,1279.976,1280.845,0.8689999999999145,9,data\results\fragments_combined\fragments_32khz,test
176,data\results\fragments_combined\fragments_32khz\G01\B92C0756_idx176.npy,G01,G:\F2\F2_20240518\B92C0756.WAV,1285.384,1286.496,1.11200000000008,12,data\results\fragments_combined\fragments_32khz,val
177,data\results\fragments_combined\fragments_32khz\G01\B92C0763_idx177.npy,G01,G:\F2\F2_20240518\B92C0763.WAV,655.867,679.278,23.411000000000055,235,data\results\fragments_combined\fragments_32khz,train
178,data\results\fragments_combined\fragments_32khz\G01\B92C0763_idx178.npy,G01,G:\F2\F2_20240518\B92C0763.WAV,1058.002,1061.498,3.4960000000000946,35,data\results\fragments_combined\fragments_32khz,train
179,data\results\fragments_combined\fragments_32khz\G01\B92C0763_idx179.npy,G01,G:\F2\F2_20240518\B92C0763.WAV,1421.365,1422.593,1.2280000000000657,13,data\results\fragments_combined\fragments_32khz,train
180,data\results\fragments_combined\fragments_32khz\G01\B92C0763_idx180.npy,G01,G:\F2\F2_20240518\B92C0763.WAV,1552.27,1553.067,0.7970000000000255,8,data\results\fragments_combined\fragments_32khz,train
181,data\results\fragments_combined\fragments_32khz\G01\B92C0765_idx181.npy,G01,G:\F2\F2_20240518\B92C0765.WAV,278.236,279.317,1.0810000000000173,11,data\results\fragments_combined\fragments_32khz,test
182,data\results\fragments_combined\fragments_32khz\G01\B92C0776_idx182.npy,G01,G:\F2\F2_20240518\B92C0776.WAV,1462.195,1463.71,1.5150000000001,16,data\results\fragments_combined\fragments_32khz,val
183,data\results\fragments_combined\fragments_32khz\G01\B92C0777_idx183.npy,G01,G:\F2\F2_20240518\B92C0777.WAV,685.795,687.151,1.3559999999999943,14,data\results\fragments_combined\fragments_32khz,train
184,data\results\fragments_combined\fragments_32khz\G01\B92C1148_idx184.npy,G01,G:\F2\F2_20240603\B92C1148.WAV,365.781,366.507,0.7259999999999991,8,data\results\fragments_combined\fragments_32khz,train
185,data\results\fragments_combined\fragments_32khz\G01\B92C1149_idx185.npy,G01,G:\F2\F2_20240603\B92C1149.WAV,194.936,195.973,1.037000000000006,11,data\results\fragments_combined\fragments_32khz,train
186,data\results\fragments_combined\fragments_32khz\G01\B92C1149_idx186.npy,G01,G:\F2\F2_20240603\B92C1149.WAV,268.827,269.735,0.9080000000000156,10,data\results\fragments_combined\fragments_32khz,train
187,data\results\fragments_combined\fragments_32khz\G01\B92C1149_idx187.npy,G01,G:\F2\F2_20240603\B92C1149.WAV,271.005,272.185,1.1800000000000068,12,data\results\fragments_combined\fragments_32khz,train
188,data\results\fragments_combined\fragments_32khz\G01\B92C1149_idx188.npy,G01,G:\F2\F2_20240603\B92C1149.WAV,287.651,287.973,0.3220000000000027,4,data\results\fragments_combined\fragments_32khz,train
189,data\results\fragments_combined\fragments_32khz\G01\B92C1149_idx189.npy,G01,G:\F2\F2_20240603\B92C1149.WAV,288.277,288.742,0.4650000000000318,5,data\results\fragments_combined\fragments_32khz,train
190,data\results\fragments_combined\fragments_32khz\G01\B92C1149_idx190.npy,G01,G:\F2\F2_20240603\B92C1149.WAV,289.989,290.62,0.6310000000000286,7,data\results\fragments_combined\fragments_32khz,val
191,data\results\fragments_combined\fragments_32khz\G01\B92C1149_idx191.npy,G01,G:\F2\F2_20240603\B92C1149.WAV,996.028,998.603,2.574999999999932,26,data\results\fragments_combined\fragments_32khz,val
192,data\results\fragments_combined\fragments_32khz\G01\B92C1149_idx192.npy,G01,G:\F2\F2_20240603\B92C1149.WAV,1321.876,1322.86,0.9839999999999236,10,data\results\fragments_combined\fragments_32khz,train
193,data\results\fragments_combined\fragments_32khz\G01\B92C1160_idx193.npy,G01,G:\F2\F2_20240603\B92C1160.WAV,831.992,833.581,1.5890000000000557,16,data\results\fragments_combined\fragments_32khz,test
194,data\results\fragments_combined\fragments_32khz\G01\B92C1160_idx194.npy,G01,G:\F2\F2_20240603\B92C1160.WAV,1209.443,1211.35,1.9069999999999252,20,data\results\fragments_combined\fragments_32khz,test
195,data\results\fragments_combined\fragments_32khz\G01\B92C1161_idx195.npy,G01,G:\F2\F2_20240603\B92C1161.WAV,3.788,20.332,16.544,166,data\results\fragments_combined\fragments_32khz,val
196,data\results\fragments_combined\fragments_32khz\G01\B92C1161_idx196.npy,G01,G:\F2\F2_20240603\B92C1161.WAV,479.758,480.885,1.1270000000000095,12,data\results\fragments_combined\fragments_32khz,train
197,data\results\fragments_combined\fragments_32khz\G01\B92C1525_idx197.npy,G01,G:\F2\F2_20240619\B92C1525.WAV,1513.1,1515.663,2.563000000000102,26,data\results\fragments_combined\fragments_32khz,train
198,data\results\fragments_combined\fragments_32khz\G01\B92C1525_idx198.npy,G01,G:\F2\F2_20240619\B92C1525.WAV,1525.021,1527.904,2.883000000000038,29,data\results\fragments_combined\fragments_32khz,val
199,data\results\fragments_combined\fragments_32khz\G01\B92C1525_idx199.npy,G01,G:\F2\F2_20240619\B92C1525.WAV,1550.419,1564.364,13.944999999999936,140,data\results\fragments_combined\fragments_32khz,train
200,data\results\fragments_combined\fragments_32khz\G01\B92C1525_idx200.npy,G01,G:\F2\F2_20240619\B92C1525.WAV,1566.17,1568.525,2.355000000000018,24,data\results\fragments_combined\fragments_32khz,val
201,data\results\fragments_combined\fragments_32khz\G01\B92C1526_idx201.npy,G01,G:\F2\F2_20240619\B92C1526.WAV,4.294,41.677,37.383,374,data\results\fragments_combined\fragments_32khz,train
202,data\results\fragments_combined\fragments_32khz\G01\B92C1537_idx202.npy,G01,G:\F2\F2_20240619\B92C1537.WAV,413.586,415.47,1.8840000000000143,19,data\results\fragments_combined\fragments_32khz,val
203,data\results\fragments_combined\fragments_32khz\G01\B92C2228_idx203.npy,G01,G:\F2\F2_20240718\B92C2228.WAV,1037.039,1038.297,1.2580000000000382,13,data\results\fragments_combined\fragments_32khz,train
204,data\results\fragments_combined\fragments_32khz\G01\B92C2229_idx204.npy,G01,G:\F2\F2_20240718\B92C2229.WAV,29.198,29.911,0.713000000000001,8,data\results\fragments_combined\fragments_32khz,train
205,data\results\fragments_combined\fragments_32khz\G01\B92C2231_idx205.npy,G01,G:\F2\F2_20240718\B92C2231.WAV,1033.692,1040.647,6.954999999999927,70,data\results\fragments_combined\fragments_32khz,test
206,data\results\fragments_combined\fragments_32khz\G01\B92C2231_idx206.npy,G01,G:\F2\F2_20240718\B92C2231.WAV,1131.044,1140.081,9.036999999999807,91,data\results\fragments_combined\fragments_32khz,train
207,data\results\fragments_combined\fragments_32khz\G01\B92C2231_idx207.npy,G01,G:\F2\F2_20240718\B92C2231.WAV,1154.62,1166.722,12.10200000000009,122,data\results\fragments_combined\fragments_32khz,train
208,data\results\fragments_combined\fragments_32khz\G01\B92C2231_idx208.npy,G01,G:\F2\F2_20240718\B92C2231.WAV,1173.571,1217.657,44.08600000000001,441,data\results\fragments_combined\fragments_32khz,train
209,data\results\fragments_combined\fragments_32khz\G01\B92C2231_idx209.npy,G01,G:\F2\F2_20240718\B92C2231.WAV,1222.227,1262.659,40.432000000000016,405,data\results\fragments_combined\fragments_32khz,val
210,data\results\fragments_combined\fragments_32khz\G01\B92C2231_idx210.npy,G01,G:\F2\F2_20240718\B92C2231.WAV,1290.333,1293.083,2.75,28,data\results\fragments_combined\fragments_32khz,val
211,data\results\fragments_combined\fragments_32khz\G01\B92C2231_idx211.npy,G01,G:\F2\F2_20240718\B92C2231.WAV,1315.127,1330.765,15.638000000000147,157,data\results\fragments_combined\fragments_32khz,val
212,data\results\fragments_combined\fragments_32khz\G01\B92C2231_idx212.npy,G01,G:\F2\F2_20240718\B92C2231.WAV,1340.404,1342.604,2.200000000000045,23,data\results\fragments_combined\fragments_32khz,train
213,data\results\fragments_combined\fragments_32khz\G01\B92C2231_idx213.npy,G01,G:\F2\F2_20240718\B92C2231.WAV,1386.545,1432.832,46.28700000000004,463,data\results\fragments_combined\fragments_32khz,train
214,data\results\fragments_combined\fragments_32khz\G01\B92C2231_idx214.npy,G01,G:\F2\F2_20240718\B92C2231.WAV,1523.74,1537.413,13.673000000000002,137,data\results\fragments_combined\fragments_32khz,train
215,data\results\fragments_combined\fragments_32khz\G01\B92C2231_idx215.npy,G01,G:\F2\F2_20240718\B92C2231.WAV,1554.125,1556.089,1.9639999999999416,20,data\results\fragments_combined\fragments_32khz,val
216,data\results\fragments_combined\fragments_32khz\G01\B92C2231_idx216.npy,G01,G:\F2\F2_20240718\B92C2231.WAV,1638.966,1639.622,0.6560000000001764,7,data\results\fragments_combined\fragments_32khz,val
217,data\results\fragments_combined\fragments_32khz\G01\B92C2231_idx217.npy,G01,G:\F2\F2_20240718\B92C2231.WAV,1644.264,1644.919,0.6550000000002001,7,data\results\fragments_combined\fragments_32khz,train
218,data\results\fragments_combined\fragments_32khz\G01\B92C2231_idx218.npy,G01,G:\F2\F2_20240718\B92C2231.WAV,1728.463,1730.427,1.9639999999999416,20,data\results\fragments_combined\fragments_32khz,train
219,data\results\fragments_combined\fragments_32khz\G01\B92C2232_idx219.npy,G01,G:\F2\F2_20240718\B92C2232.WAV,114.18,115.869,1.688999999999993,17,data\results\fragments_combined\fragments_32khz,train
220,data\results\fragments_combined\fragments_32khz\G01\B92C2232_idx220.npy,G01,G:\F2\F2_20240718\B92C2232.WAV,376.074,377.37,1.2959999999999925,13,data\results\fragments_combined\fragments_32khz,train
221,data\results\fragments_combined\fragments_32khz\G01\B92C2232_idx221.npy,G01,G:\F2\F2_20240718\B92C2232.WAV,1276.588,1306.805,30.2170000000001,303,data\results\fragments_combined\fragments_32khz,train
222,data\results\fragments_combined\fragments_32khz\G01\B92C2233_idx222.npy,G01,G:\F2\F2_20240718\B92C2233.WAV,76.192,77.646,1.4540000000000075,15,data\results\fragments_combined\fragments_32khz,train
223,data\results\fragments_combined\fragments_32khz\G01\B92C2233_idx223.npy,G01,G:\F2\F2_20240718\B92C2233.WAV,185.724,219.606,33.882000000000005,339,data\results\fragments_combined\fragments_32khz,train
224,data\results\fragments_combined\fragments_32khz\G01\B92C2233_idx224.npy,G01,G:\F2\F2_20240718\B92C2233.WAV,251.725,257.127,5.402000000000015,55,data\results\fragments_combined\fragments_32khz,train
225,data\results\fragments_combined\fragments_32khz\G01\B92C2606_idx225.npy,G01,G:\F2\F2_20240803\B92C2606.WAV,661.623,662.661,1.0379999999998972,11,data\results\fragments_combined\fragments_32khz,train
226,data\results\fragments_combined\fragments_32khz\G01\B92C2611_idx226.npy,G01,G:\F2\F2_20240803\B92C2611.WAV,711.201,714.612,3.4109999999999445,35,data\results\fragments_combined\fragments_32khz,val
227,data\results\fragments_combined\fragments_32khz\G01\B92C2611_idx227.npy,G01,G:\F2\F2_20240803\B92C2611.WAV,717.663,718.341,0.6779999999999973,7,data\results\fragments_combined\fragments_32khz,train
228,data\results\fragments_combined\fragments_32khz\G01\B92C2611_idx228.npy,G01,G:\F2\F2_20240803\B92C2611.WAV,809.074,816.595,7.521000000000072,76,data\results\fragments_combined\fragments_32khz,val
229,data\results\fragments_combined\fragments_32khz\G01\B92C2613_idx229.npy,G01,G:\F2\F2_20240803\B92C2613.WAV,1067.104,1068.799,1.6949999999999363,17,data\results\fragments_combined\fragments_32khz,test
230,data\results\fragments_combined\fragments_32khz\G01\B92C2614_idx230.npy,G01,G:\F2\F2_20240803\B92C2614.WAV,1695.397,1701.901,6.504000000000133,66,data\results\fragments_combined\fragments_32khz,val
231,data\results\fragments_combined\fragments_32khz\G01\B92C2967_idx231.npy,G01,G:\F2\F2_20240818\B92C2967.WAV,812.522,814.259,1.7369999999999663,18,data\results\fragments_combined\fragments_32khz,train
232,data\results\fragments_combined\fragments_32khz\G01\B92C2968_idx232.npy,G01,G:\F2\F2_20240818\B92C2968.WAV,363.731,365.108,1.3770000000000095,14,data\results\fragments_combined\fragments_32khz,train
233,data\results\fragments_combined\fragments_32khz\G01\B92C2971_idx233.npy,G01,G:\F2\F2_20240818\B92C2971.WAV,680.49,682.948,2.45799999999997,25,data\results\fragments_combined\fragments_32khz,train
234,data\results\fragments_combined\fragments_32khz\G01\B92C2971_idx234.npy,G01,G:\F2\F2_20240818\B92C2971.WAV,920.998,960.357,39.35899999999992,394,data\results\fragments_combined\fragments_32khz,train
235,data\results\fragments_combined\fragments_32khz\G01\B92C2971_idx235.npy,G01,G:\F2\F2_20240818\B92C2971.WAV,980.761,982.965,2.204000000000065,23,data\results\fragments_combined\fragments_32khz,test
236,data\results\fragments_combined\fragments_32khz\G01\B92C2971_idx236.npy,G01,G:\F2\F2_20240818\B92C2971.WAV,1208.626,1211.168,2.5419999999999163,26,data\results\fragments_combined\fragments_32khz,train
237,data\results\fragments_combined\fragments_32khz\G01\B92C2974_idx237.npy,G01,G:\F2\F2_20240818\B92C2974.WAV,1085.636,1117.543,31.906999999999925,320,data\results\fragments_combined\fragments_32khz,test
238,data\results\fragments_combined\fragments_32khz\G01\B92C2975_idx238.npy,G01,G:\F2\F2_20240818\B92C2975.WAV,1600.959,1645.662,44.702999999999975,448,data\results\fragments_combined\fragments_32khz,train
239,data\results\fragments_combined\fragments_32khz\G01\B92C2975_idx239.npy,G01,G:\F2\F2_20240818\B92C2975.WAV,1741.247,1761.476,20.22900000000004,203,data\results\fragments_combined\fragments_32khz,train
240,data\results\fragments_combined\fragments_32khz\G01\B92C2977_idx240.npy,G01,G:\F2\F2_20240818\B92C2977.WAV,250.291,252.384,2.0929999999999893,21,data\results\fragments_combined\fragments_32khz,train
241,data\results\fragments_combined\fragments_32khz\G01\B92C2978_idx241.npy,G01,G:\F2\F2_20240818\B92C2978.WAV,523.088,525.378,2.2900000000000773,23,data\results\fragments_combined\fragments_32khz,train
242,data\results\fragments_combined\fragments_32khz\G01\B92C2978_idx242.npy,G01,G:\F2\F2_20240818\B92C2978.WAV,1756.889,1794.44,37.55100000000016,376,data\results\fragments_combined\fragments_32khz,train
243,data\results\fragments_combined\fragments_32khz\G01\B92C2979_idx243.npy,G01,G:\F2\F2_20240818\B92C2979.WAV,155.411,159.908,4.496999999999986,45,data\results\fragments_combined\fragments_32khz,train
244,data\results\fragments_combined\fragments_32khz\G01\B92C2979_idx244.npy,G01,G:\F2\F2_20240818\B92C2979.WAV,187.843,195.248,7.405000000000001,75,data\results\fragments_combined\fragments_32khz,train
245,data\results\fragments_combined\fragments_32khz\G01\B92C2979_idx245.npy,G01,G:\F2\F2_20240818\B92C2979.WAV,295.063,302.37,7.307000000000016,74,data\results\fragments_combined\fragments_32khz,train
246,data\results\fragments_combined\fragments_32khz\G01\B92C2979_idx246.npy,G01,G:\F2\F2_20240818\B92C2979.WAV,799.469,802.956,3.4869999999999663,35,data\results\fragments_combined\fragments_32khz,train
247,data\results\fragments_combined\fragments_32khz\G01\B92C2979_idx247.npy,G01,G:\F2\F2_20240818\B92C2979.WAV,1042.322,1044.609,2.2870000000000346,23,data\results\fragments_combined\fragments_32khz,train
248,data\results\fragments_combined\fragments_32khz\G01\B92C2979_idx248.npy,G01,G:\F2\F2_20240818\B92C2979.WAV,1137.589,1141.81,4.221000000000004,43,data\results\fragments_combined\fragments_32khz,train
249,data\results\fragments_combined\fragments_32khz\Nothing\26D00033_idx249.npy,Nothing,G:\F3\AuralF3_20240419\26D00033.WAV,2044.234901048361,2052.087483509643,7.852582461281827,79,data\results\fragments_combined\fragments_32khz,train
250,data\results\fragments_combined\fragments_32khz\Nothing\26D00033_idx250.npy,Nothing,G:\F3\AuralF3_20240419\26D00033.WAV,2011.5578560471367,2018.682852323201,7.124996276064167,72,data\results\fragments_combined\fragments_32khz,train
251,data\results\fragments_combined\fragments_32khz\Nothing\26D00033_idx251.npy,Nothing,G:\F3\AuralF3_20240419\26D00033.WAV,2303.502183970505,2313.2705963110548,9.76841234054973,98,data\results\fragments_combined\fragments_32khz,train
252,data\results\fragments_combined\fragments_32khz\Nothing\26D00033_idx252.npy,Nothing,G:\F3\AuralF3_20240419\26D00033.WAV,2201.901753257436,2203.6188327678533,1.7170795104170793,18,data\results\fragments_combined\fragments_32khz,val
253,data\results\fragments_combined\fragments_32khz\Nothing\26D00033_idx253.npy,Nothing,G:\F3\AuralF3_20240419\26D00033.WAV,1829.31451484002,1833.337096070229,4.022581230209198,41,data\results\fragments_combined\fragments_32khz,train
254,data\results\fragments_combined\fragments_32khz\Nothing\26D00573_idx254.npy,Nothing,G:\F3\AuralF3_20240603\26D00573.WAV,1074.8634576050752,1083.179692931148,8.316235326072956,84,data\results\fragments_combined\fragments_32khz,train
255,data\results\fragments_combined\fragments_32khz\Nothing\26D00573_idx255.npy,Nothing,G:\F3\AuralF3_20240603\26D00573.WAV,1.2745092363886166,3.933277093343997,2.6587678569553805,27,data\results\fragments_combined\fragments_32khz,train
256,data\results\fragments_combined\fragments_32khz\Nothing\26D00573_idx256.npy,Nothing,G:\F3\AuralF3_20240603\26D00573.WAV,1520.2318595561262,1528.5943556900556,8.362496133929426,84,data\results\fragments_combined\fragments_32khz,test
257,data\results\fragments_combined\fragments_32khz\Nothing\26D00573_idx257.npy,Nothing,G:\F3\AuralF3_20240603\26D00573.WAV,2323.0068034239125,2330.708636954724,7.701833530811655,78,data\results\fragments_combined\fragments_32khz,val
258,data\results\fragments_combined\fragments_32khz\Nothing\26D00573_idx258.npy,Nothing,G:\F3\AuralF3_20240603\26D00573.WAV,10.621314743852835,19.605965396413715,8.98465065256088,90,data\results\fragments_combined\fragments_32khz,train
259,data\results\fragments_combined\fragments_32khz\Nothing\26D01286_idx259.npy,Nothing,G:\F3\F3a_20250103\26D01286.WAV,384.0503103664494,386.3993780910431,2.349067724593681,24,data\results\fragments_combined\fragments_32khz,train
260,data\results\fragments_combined\fragments_32khz\Nothing\26D01286_idx260.npy,Nothing,G:\F3\F3a_20250103\26D01286.WAV,1215.4682731321795,1217.4340233068212,1.9657501746416983,20,data\results\fragments_combined\fragments_32khz,val
261,data\results\fragments_combined\fragments_32khz\Nothing\26D01286_idx261.npy,Nothing,G:\F3\F3a_20250103\26D01286.WAV,749.0361763551189,756.6114168362432,7.575240481124297,76,data\results\fragments_combined\fragments_32khz,test
262,data\results\fragments_combined\fragments_32khz\Nothing\26D01286_idx262.npy,Nothing,G:\F3\F3a_20250103\26D01286.WAV,1708.4461128358028,1712.465480043134,4.019367207331243,41,data\results\fragments_combined\fragments_32khz,train
263,data\results\fragments_combined\fragments_32khz\Nothing\26D01286_idx263.npy,Nothing,G:\F3\F3a_20250103\26D01286.WAV,945.6380007019408,947.9379786132414,2.29997791130063,23,data\results\fragments_combined\fragments_32khz,train
264,data\results\fragments_combined\fragments_32khz\Nothing\26D01636_idx264.npy,Nothing,G:\F3\F3a_20250403\26D01636.WAV,320.2463505517533,322.90198936773675,2.6556388159834228,27,data\results\fragments_combined\fragments_32khz,train
265,data\results\fragments_combined\fragments_32khz\Nothing\26D01636_idx265.npy,Nothing,G:\F3\F3a_20250403\26D01636.WAV,333.40675879434986,338.059702023637,4.652943229287132,47,data\results\fragments_combined\fragments_32khz,val
266,data\results\fragments_combined\fragments_32khz\Nothing\26D01636_idx266.npy,Nothing,G:\F3\F3a_20250403\26D01636.WAV,1768.8446694694808,1772.3121525626102,3.467483093129431,35,data\results\fragments_combined\fragments_32khz,val
267,data\results\fragments_combined\fragments_32khz\Nothing\26D01636_idx267.npy,Nothing,G:\F3\F3a_20250403\26D01636.WAV,1677.5349266946832,1685.680188090903,8.145261396219666,82,data\results\fragments_combined\fragments_32khz,train
268,data\results\fragments_combined\fragments_32khz\Nothing\26D01636_idx268.npy,Nothing,G:\F3\F3a_20250403\26D01636.WAV,512.0040291905425,518.9877364783048,6.983707287762286,70,data\results\fragments_combined\fragments_32khz,val
269,data\results\fragments_combined\fragments_32khz\Nothing\26D01640_idx269.npy,Nothing,G:\F3\F3a_20250118\26D01640.WAV,1776.278037320465,1778.6771652439786,2.3991279235135607,24,data\results\fragments_combined\fragments_32khz,train
270,data\results\fragments_combined\fragments_32khz\Nothing\26D01640_idx270.npy,Nothing,G:\F3\F3a_20250118\26D01640.WAV,1191.5397417658817,1198.355824903506,6.816083137624219,69,data\results\fragments_combined\fragments_32khz,val
271,data\results\fragments_combined\fragments_32khz\Nothing\26D01640_idx271.npy,Nothing,G:\F3\F3a_20250118\26D01640.WAV,1751.24982071468,1759.1667465093888,7.916925794708732,80,data\results\fragments_combined\fragments_32khz,test
272,data\results\fragments_combined\fragments_32khz\Nothing\26D01640_idx272.npy,Nothing,G:\F3\F3a_20250118\26D01640.WAV,194.09628350594832,195.92435498816107,1.8280714822127493,19,data\results\fragments_combined\fragments_32khz,train
273,data\results\fragments_combined\fragments_32khz\Nothing\26D01640_idx273.npy,Nothing,G:\F3\F3a_20250118\26D01640.WAV,1751.5206624233615,1758.3704905603713,6.849828137009808,69,data\results\fragments_combined\fragments_32khz,val
274,data\results\fragments_combined\fragments_32khz\Nothing\26D01643_idx274.npy,Nothing,G:\F3\F3a_20250118\26D01643.WAV,431.4622008714605,439.2296900169128,7.767489145452316,78,data\results\fragments_combined\fragments_32khz,test
275,data\results\fragments_combined\fragments_32khz\Nothing\26D01643_idx275.npy,Nothing,G:\F3\F3a_20250118\26D01643.WAV,118.97640137615514,124.7354056824061,5.759004306250958,58,data\results\fragments_combined\fragments_32khz,train
276,data\results\fragments_combined\fragments_32khz\Nothing\26D01643_idx276.npy,Nothing,G:\F3\F3a_20250118\26D01643.WAV,434.4494728317377,435.24224226013314,0.7927694283954452,8,data\results\fragments_combined\fragments_32khz,val
277,data\results\fragments_combined\fragments_32khz\Nothing\26D01643_idx277.npy,Nothing,G:\F3\F3a_20250118\26D01643.WAV,408.9998820467886,411.5384364385741,2.5385543917854534,26,data\results\fragments_combined\fragments_32khz,train
278,data\results\fragments_combined\fragments_32khz\Nothing\26D01643_idx278.npy,Nothing,G:\F3\F3a_20250118\26D01643.WAV,416.1910132112552,418.913438326976,2.722425115720796,28,data\results\fragments_combined\fragments_32khz,train
279,data\results\fragments_combined\fragments_32khz\Nothing\26D01646_idx279.npy,Nothing,G:\F3\F3a_20250118\26D01646.WAV,1758.2158042228964,1761.3889511971054,3.173146974208976,32,data\results\fragments_combined\fragments_32khz,train
280,data\results\fragments_combined\fragments_32khz\Nothing\26D01646_idx280.npy,Nothing,G:\F3\F3a_20250118\26D01646.WAV,1727.9273022507423,1733.7191076979846,5.791805447242268,58,data\results\fragments_combined\fragments_32khz,val
281,data\results\fragments_combined\fragments_32khz\Nothing\26D01646_idx281.npy,Nothing,G:\F3\F3a_20250118\26D01646.WAV,148.9656183558216,157.1988120101489,8.233193654327323,83,data\results\fragments_combined\fragments_32khz,train
282,data\results\fragments_combined\fragments_32khz\Nothing\26D01646_idx282.npy,Nothing,G:\F3\F3a_20250118\26D01646.WAV,829.3115678362656,836.6739816669318,7.362413830666242,74,data\results\fragments_combined\fragments_32khz,train
283,data\results\fragments_combined\fragments_32khz\Nothing\26D01646_idx283.npy,Nothing,G:\F3\F3a_20250118\26D01646.WAV,1670.598270499313,1672.545235475088,1.9469649757750176,20,data\results\fragments_combined\fragments_32khz,train
284,data\results\fragments_combined\fragments_32khz\Nothing\26D01649_idx284.npy,Nothing,G:\F3\F3a_20250118\26D01649.WAV,1217.6408075206468,1221.7605091685634,4.1197016479166,42,data\results\fragments_combined\fragments_32khz,train
285,data\results\fragments_combined\fragments_32khz\Nothing\26D01649_idx285.npy,Nothing,G:\F3\F3a_20250118\26D01649.WAV,1040.3718347418796,1046.859519376509,6.487684634629432,65,data\results\fragments_combined\fragments_32khz,train
286,data\results\fragments_combined\fragments_32khz\Nothing\26D01649_idx286.npy,Nothing,G:\F3\F3a_20250118\26D01649.WAV,929.0872812779892,930.708337348134,1.6210560701448458,17,data\results\fragments_combined\fragments_32khz,train
287,data\results\fragments_combined\fragments_32khz\Nothing\26D01649_idx287.npy,Nothing,G:\F3\F3a_20250118\26D01649.WAV,254.8043163253292,263.93583288705145,9.131516561722236,92,data\results\fragments_combined\fragments_32khz,train
288,data\results\fragments_combined\fragments_32khz\Nothing\26D01649_idx288.npy,Nothing,G:\F3\F3a_20250118\26D01649.WAV,1608.4065707983168,1618.11374638312,9.70717558480328,98,data\results\fragments_combined\fragments_32khz,train
289,data\results\fragments_combined\fragments_32khz\Nothing\26D01659_idx289.npy,Nothing,G:\F3\AuralF3_20240901\26D01659.WAV,1447.329103101934,1454.6395598989443,7.310456797010374,74,data\results\fragments_combined\fragments_32khz,train
290,data\results\fragments_combined\fragments_32khz\Nothing\26D01659_idx290.npy,Nothing,G:\F3\AuralF3_20240901\26D01659.WAV,982.9514172992854,984.3671314397436,1.415714140458249,15,data\results\fragments_combined\fragments_32khz,train
291,data\results\fragments_combined\fragments_32khz\Nothing\26D01659_idx291.npy,Nothing,G:\F3\AuralF3_20240901\26D01659.WAV,1491.8865591555857,1496.7164339090048,4.829874753419063,49,data\results\fragments_combined\fragments_32khz,train
292,data\results\fragments_combined\fragments_32khz\Nothing\26D01659_idx292.npy,Nothing,G:\F3\AuralF3_20240901\26D01659.WAV,191.69813574909165,197.70072165403965,6.002585904948006,61,data\results\fragments_combined\fragments_32khz,train
293,data\results\fragments_combined\fragments_32khz\Nothing\26D01659_idx293.npy,Nothing,G:\F3\AuralF3_20240901\26D01659.WAV,778.3129855674267,786.9508212663043,8.637835698877552,87,data\results\fragments_combined\fragments_32khz,train
294,data\results\fragments_combined\fragments_32khz\Nothing\26D02000_idx294.npy,Nothing,G:\F3\F3a_20250418\26D02000.WAV,1162.252480436845,1166.8573643147083,4.604883877863358,47,data\results\fragments_combined\fragments_32khz,train
295,data\results\fragments_combined\fragments_32khz\Nothing\26D02000_idx295.npy,Nothing,G:\F3\F3a_20250418\26D02000.WAV,7.608354741979883,13.65728544665087,6.048930704670988,61,data\results\fragments_combined\fragments_32khz,train
296,data\results\fragments_combined\fragments_32khz\Nothing\26D02000_idx296.npy,Nothing,G:\F3\F3a_20250418\26D02000.WAV,167.17137305179006,171.62154337241083,4.450170320620771,45,data\results\fragments_combined\fragments_32khz,train
297,data\results\fragments_combined\fragments_32khz\Nothing\26D02000_idx297.npy,Nothing,G:\F3\F3a_20250418\26D02000.WAV,13.145210203303066,18.338122986125995,5.19291278282293,52,data\results\fragments_combined\fragments_32khz,train
298,data\results\fragments_combined\fragments_32khz\Nothing\26D02000_idx298.npy,Nothing,G:\F3\F3a_20250418\26D02000.WAV,55.62976820872617,57.11209640209041,1.4823281933642392,15,data\results\fragments_combined\fragments_32khz,train
299,data\results\fragments_combined\fragments_32khz\Nothing\26D02019_idx299.npy,Nothing,G:\F3\F3a_20250418\26D02019.WAV,974.1579297573944,976.2785629584948,2.120633201100418,22,data\results\fragments_combined\fragments_32khz,train
300,data\results\fragments_combined\fragments_32khz\Nothing\26D02019_idx300.npy,Nothing,G:\F3\F3a_20250418\26D02019.WAV,1749.7619234184576,1753.5571865615386,3.7952631430810015,38,data\results\fragments_combined\fragments_32khz,train
301,data\results\fragments_combined\fragments_32khz\Nothing\26D02019_idx301.npy,Nothing,G:\F3\F3a_20250418\26D02019.WAV,809.2662757965652,809.9829125713474,0.7166367747821596,8,data\results\fragments_combined\fragments_32khz,val
302,data\results\fragments_combined\fragments_32khz\Nothing\26D02019_idx302.npy,Nothing,G:\F3\F3a_20250418\26D02019.WAV,1691.6577355169898,1699.5937201758677,7.935984658877942,80,data\results\fragments_combined\fragments_32khz,train
303,data\results\fragments_combined\fragments_32khz\Nothing\26D02019_idx303.npy,Nothing,G:\F3\F3a_20250418\26D02019.WAV,1787.9472606472382,1793.0705147902006,5.123254142962423,52,data\results\fragments_combined\fragments_32khz,train
304,data\results\fragments_combined\fragments_32khz\Nothing\279C0115_idx304.npy,Nothing,G:\F1\F1_20240421\279C0115.WAV,167.0151396958362,172.94655619340892,5.931416497572712,60,data\results\fragments_combined\fragments_32khz,train
305,data\results\fragments_combined\fragments_32khz\Nothing\279C0115_idx305.npy,Nothing,G:\F1\F1_20240421\279C0115.WAV,1123.8716622305017,1126.9079310298746,3.03626879937292,31,data\results\fragments_combined\fragments_32khz,val
306,data\results\fragments_combined\fragments_32khz\Nothing\279C0115_idx306.npy,Nothing,G:\F1\F1_20240421\279C0115.WAV,7.650553977623867,12.32021285052181,4.669658872897943,47,data\results\fragments_combined\fragments_32khz,train
307,data\results\fragments_combined\fragments_32khz\Nothing\279C0115_idx307.npy,Nothing,G:\F1\F1_20240421\279C0115.WAV,49.13125116075434,57.481024440600734,8.349773279846396,84,data\results\fragments_combined\fragments_32khz,train
308,data\results\fragments_combined\fragments_32khz\Nothing\279C0115_idx308.npy,Nothing,G:\F1\F1_20240421\279C0115.WAV,544.8449514637302,550.6082948273512,5.763343363620948,58,data\results\fragments_combined\fragments_32khz,train
309,data\results\fragments_combined\fragments_32khz\Nothing\279C0246_idx309.npy,Nothing,G:\F2\F2a_20250203\279C0246.WAV,461.354310378847,468.2405912627252,6.886280883878214,69,data\results\fragments_combined\fragments_32khz,train
310,data\results\fragments_combined\fragments_32khz\Nothing\279C0246_idx310.npy,Nothing,G:\F2\F2a_20250203\279C0246.WAV,537.3718776680662,544.7783265037916,7.406448835725428,75,data\results\fragments_combined\fragments_32khz,train
311,data\results\fragments_combined\fragments_32khz\Nothing\279C0246_idx311.npy,Nothing,G:\F2\F2a_20250203\279C0246.WAV,990.0040186556612,991.5275576422422,1.523538986581002,16,data\results\fragments_combined\fragments_32khz,val
312,data\results\fragments_combined\fragments_32khz\Nothing\279C0246_idx312.npy,Nothing,G:\F2\F2a_20250203\279C0246.WAV,1331.3513537541005,1332.206773037774,0.8554192836734273,9,data\results\fragments_combined\fragments_32khz,train
313,data\results\fragments_combined\fragments_32khz\Nothing\279C0246_idx313.npy,Nothing,G:\F2\F2a_20250203\279C0246.WAV,567.7936187282822,571.8173804249755,4.023761696693214,41,data\results\fragments_combined\fragments_32khz,train
314,data\results\fragments_combined\fragments_32khz\Nothing\279C0252_idx314.npy,Nothing,G:\F2\F2a_20250203\279C0252.WAV,1751.5195945566586,1755.0324140384744,3.512819481815768,36,data\results\fragments_combined\fragments_32khz,val
315,data\results\fragments_combined\fragments_32khz\Nothing\279C0252_idx315.npy,Nothing,G:\F2\F2a_20250203\279C0252.WAV,1085.4006296605776,1088.6643491229088,3.26371946233121,33,data\results\fragments_combined\fragments_32khz,train
316,data\results\fragments_combined\fragments_32khz\Nothing\279C0252_idx316.npy,Nothing,G:\F2\F2a_20250203\279C0252.WAV,997.042823352664,1006.4352372681292,9.392413915465228,94,data\results\fragments_combined\fragments_32khz,test
317,data\results\fragments_combined\fragments_32khz\Nothing\279C0252_idx317.npy,Nothing,G:\F2\F2a_20250203\279C0252.WAV,828.3312678935489,829.257918777776,0.9266508842271152,10,data\results\fragments_combined\fragments_32khz,train
318,data\results\fragments_combined\fragments_32khz\Nothing\279C0252_idx318.npy,Nothing,G:\F2\F2a_20250203\279C0252.WAV,618.8376172782105,627.8085513076321,8.970934029421642,90,data\results\fragments_combined\fragments_32khz,train
319,data\results\fragments_combined\fragments_32khz\Nothing\279C0263_idx319.npy,Nothing,G:\F2\F2a_20250203\279C0263.WAV,569.7347426127455,578.6972712760916,8.962528663346006,90,data\results\fragments_combined\fragments_32khz,train
320,data\results\fragments_combined\fragments_32khz\Nothing\279C0263_idx320.npy,Nothing,G:\F2\F2a_20250203\279C0263.WAV,1679.4771503459012,1682.9784763382938,3.5013259923925943,36,data\results\fragments_combined\fragments_32khz,train
321,data\results\fragments_combined\fragments_32khz\Nothing\279C0263_idx321.npy,Nothing,G:\F2\F2a_20250203\279C0263.WAV,1127.8618002131666,1134.6475822132604,6.785782000093832,68,data\results\fragments_combined\fragments_32khz,train
322,data\results\fragments_combined\fragments_32khz\Nothing\279C0263_idx322.npy,Nothing,G:\F2\F2a_20250203\279C0263.WAV,1154.0788760761593,1161.673377383975,7.59450130781579,76,data\results\fragments_combined\fragments_32khz,val
323,data\results\fragments_combined\fragments_32khz\Nothing\279C0263_idx323.npy,Nothing,G:\F2\F2a_20250203\279C0263.WAV,1345.347630064295,1354.7473549943657,9.39972493007076,94,data\results\fragments_combined\fragments_32khz,train
324,data\results\fragments_combined\fragments_32khz\Nothing\279C0265_idx324.npy,Nothing,G:\F2\F2a_20250203\279C0265.WAV,96.3286822338605,104.72425261904712,8.395570385186616,84,data\results\fragments_combined\fragments_32khz,val
325,data\results\fragments_combined\fragments_32khz\Nothing\279C0265_idx325.npy,Nothing,G:\F2\F2a_20250203\279C0265.WAV,897.7428650613977,899.9459139888962,2.203048927498571,23,data\results\fragments_combined\fragments_32khz,train
326,data\results\fragments_combined\fragments_32khz\Nothing\279C0265_idx326.npy,Nothing,G:\F2\F2a_20250203\279C0265.WAV,1139.8763524554856,1142.2424817797742,2.366129324288522,24,data\results\fragments_combined\fragments_32khz,train
327,data\results\fragments_combined\fragments_32khz\Nothing\279C0265_idx327.npy,Nothing,G:\F2\F2a_20250203\279C0265.WAV,784.8173746664918,792.702720629783,7.885345963291229,79,data\results\fragments_combined\fragments_32khz,train
328,data\results\fragments_combined\fragments_32khz\Nothing\279C0265_idx328.npy,Nothing,G:\F2\F2a_20250203\279C0265.WAV,1643.3641605349883,1645.2311868092252,1.8670262742368775,19,data\results\fragments_combined\fragments_32khz,train
329,data\results\fragments_combined\fragments_32khz\Nothing\279C0268_idx329.npy,Nothing,G:\F2\F2a_20250203\279C0268.WAV,69.45748483002261,72.13921711501173,2.681732284989124,27,data\results\fragments_combined\fragments_32khz,train
330,data\results\fragments_combined\fragments_32khz\Nothing\279C0268_idx330.npy,Nothing,G:\F2\F2a_20250203\279C0268.WAV,52.41557386667614,54.07298266064719,1.657408793971051,17,data\results\fragments_combined\fragments_32khz,train
331,data\results\fragments_combined\fragments_32khz\Nothing\279C0268_idx331.npy,Nothing,G:\F2\F2a_20250203\279C0268.WAV,1664.5606536578232,1671.656146796431,7.095493138607708,71,data\results\fragments_combined\fragments_32khz,val
332,data\results\fragments_combined\fragments_32khz\Nothing\279C0268_idx332.npy,Nothing,G:\F2\F2a_20250203\279C0268.WAV,1152.9453210227382,1161.0845040214697,8.139182998731485,82,data\results\fragments_combined\fragments_32khz,train
333,data\results\fragments_combined\fragments_32khz\Nothing\279C0268_idx333.npy,Nothing,G:\F2\F2a_20250203\279C0268.WAV,1652.310123253703,1659.8304712909007,7.520348037197664,76,data\results\fragments_combined\fragments_32khz,train
334,data\results\fragments_combined\fragments_32khz\Nothing\279C0439_idx334.npy,Nothing,G:\F2\F2a_20250211\279C0439.WAV,237.01710393911432,246.3289481736761,9.31184423456179,94,data\results\fragments_combined\fragments_32khz,test
335,data\results\fragments_combined\fragments_32khz\Nothing\279C0439_idx335.npy,Nothing,G:\F2\F2a_20250211\279C0439.WAV,384.52232819790623,387.8813407698252,3.3590125719189814,34,data\results\fragments_combined\fragments_32khz,train
336,data\results\fragments_combined\fragments_32khz\Nothing\279C0439_idx336.npy,Nothing,G:\F2\F2a_20250211\279C0439.WAV,1174.653603633315,1184.2320245752612,9.578420941946206,96,data\results\fragments_combined\fragments_32khz,train
337,data\results\fragments_combined\fragments_32khz\Nothing\279C0439_idx337.npy,Nothing,G:\F2\F2a_20250211\279C0439.WAV,1201.5186625376784,1210.8043426161428,9.285680078464338,93,data\results\fragments_combined\fragments_32khz,test
338,data\results\fragments_combined\fragments_32khz\Nothing\279C0439_idx338.npy,Nothing,G:\F2\F2a_20250211\279C0439.WAV,0.7731819830636394,7.295945544033948,6.522763560970309,66,data\results\fragments_combined\fragments_32khz,test
339,data\results\fragments_combined\fragments_32khz\Nothing\279C0440_idx339.npy,Nothing,G:\F2\F2a_20250211\279C0440.WAV,1735.7900904828912,1737.6233166549982,1.8332261721070608,19,data\results\fragments_combined\fragments_32khz,train
340,data\results\fragments_combined\fragments_32khz\Nothing\279C0440_idx340.npy,Nothing,G:\F2\F2a_20250211\279C0440.WAV,146.15929244761097,152.3216967033375,6.162404255726528,62,data\results\fragments_combined\fragments_32khz,train
341,data\results\fragments_combined\fragments_32khz\Nothing\279C0440_idx341.npy,Nothing,G:\F2\F2a_20250211\279C0440.WAV,222.41018213053064,227.3503073453059,4.940125214775264,50,data\results\fragments_combined\fragments_32khz,test
342,data\results\fragments_combined\fragments_32khz\Nothing\279C0440_idx342.npy,Nothing,G:\F2\F2a_20250211\279C0440.WAV,148.47422054031898,150.01108850959346,1.536867969274482,16,data\results\fragments_combined\fragments_32khz,train
343,data\results\fragments_combined\fragments_32khz\Nothing\279C0440_idx343.npy,Nothing,G:\F2\F2a_20250211\279C0440.WAV,1160.473129972934,1163.183217021615,2.710087048681089,28,data\results\fragments_combined\fragments_32khz,train
344,data\results\fragments_combined\fragments_32khz\Nothing\279C0441_idx344.npy,Nothing,G:\F2\F2a_20250211\279C0441.WAV,1124.348591415911,1133.092111476783,8.743520060872015,88,data\results\fragments_combined\fragments_32khz,train
345,data\results\fragments_combined\fragments_32khz\Nothing\279C0441_idx345.npy,Nothing,G:\F2\F2a_20250211\279C0441.WAV,45.12287572528756,49.54230563338752,4.419429908099964,45,data\results\fragments_combined\fragments_32khz,train
346,data\results\fragments_combined\fragments_32khz\Nothing\279C0441_idx346.npy,Nothing,G:\F2\F2a_20250211\279C0441.WAV,89.9393946574862,96.63273940049596,6.69334474300976,67,data\results\fragments_combined\fragments_32khz,train
347,data\results\fragments_combined\fragments_32khz\Nothing\279C0441_idx347.npy,Nothing,G:\F2\F2a_20250211\279C0441.WAV,509.4831265988437,514.2951469785685,4.8120203797248,49,data\results\fragments_combined\fragments_32khz,train
348,data\results\fragments_combined\fragments_32khz\Nothing\279C0441_idx348.npy,Nothing,G:\F2\F2a_20250211\279C0441.WAV,83.93009300215624,91.517228664469,7.587135662312761,76,data\results\fragments_combined\fragments_32khz,train
349,data\results\fragments_combined\fragments_32khz\Nothing\279C0443_idx349.npy,Nothing,G:\F2\F2a_20250211\279C0443.WAV,1633.9617521853388,1635.461893943953,1.5001417586142909,16,data\results\fragments_combined\fragments_32khz,train
350,data\results\fragments_combined\fragments_32khz\Nothing\279C0443_idx350.npy,Nothing,G:\F2\F2a_20250211\279C0443.WAV,1083.4234888964825,1085.312134716313,1.888645819830572,19,data\results\fragments_combined\fragments_32khz,train
351,data\results\fragments_combined\fragments_32khz\Nothing\279C0443_idx351.npy,Nothing,G:\F2\F2a_20250211\279C0443.WAV,1764.6876044056414,1768.1357838079202,3.448179402278811,35,data\results\fragments_combined\fragments_32khz,train
352,data\results\fragments_combined\fragments_32khz\Nothing\279C0443_idx352.npy,Nothing,G:\F2\F2a_20250211\279C0443.WAV,374.0058654134848,376.0784167794699,2.0725513659850776,21,data\results\fragments_combined\fragments_32khz,val
353,data\results\fragments_combined\fragments_32khz\Nothing\279C0443_idx353.npy,Nothing,G:\F2\F2a_20250211\279C0443.WAV,1317.9646955368332,1319.9240227911578,1.9593272543245348,20,data\results\fragments_combined\fragments_32khz,val
354,data\results\fragments_combined\fragments_32khz\Nothing\279C0444_idx354.npy,Nothing,G:\F2\F2a_20250211\279C0444.WAV,18.38655856725508,19.412814954315547,1.0262563870604673,11,data\results\fragments_combined\fragments_32khz,val
355,data\results\fragments_combined\fragments_32khz\Nothing\279C0444_idx355.npy,Nothing,G:\F2\F2a_20250211\279C0444.WAV,329.55975950687747,330.56688786683566,1.0071283599581875,11,data\results\fragments_combined\fragments_32khz,train
356,data\results\fragments_combined\fragments_32khz\Nothing\279C0444_idx356.npy,Nothing,G:\F2\F2a_20250211\279C0444.WAV,574.7534565177746,578.9929458576788,4.239489339904253,43,data\results\fragments_combined\fragments_32khz,train
357,data\results\fragments_combined\fragments_32khz\Nothing\279C0444_idx357.npy,Nothing,G:\F2\F2a_20250211\279C0444.WAV,1216.4021605366663,1221.6951597883776,5.292999251711308,53,data\results\fragments_combined\fragments_32khz,train
358,data\results\fragments_combined\fragments_32khz\Nothing\279C0444_idx358.npy,Nothing,G:\F2\F2a_20250211\279C0444.WAV,1345.847586202527,1346.7605992916483,0.9130130891212502,10,data\results\fragments_combined\fragments_32khz,test
359,data\results\fragments_combined\fragments_32khz\Nothing\279C0445_idx359.npy,Nothing,G:\F2\F2a_20250211\279C0445.WAV,1050.5985272868656,1053.347603562357,2.7490762754914613,28,data\results\fragments_combined\fragments_32khz,train
360,data\results\fragments_combined\fragments_32khz\Nothing\279C0445_idx360.npy,Nothing,G:\F2\F2a_20250211\279C0445.WAV,979.720185964486,984.1746790086664,4.454493044180481,45,data\results\fragments_combined\fragments_32khz,train
361,data\results\fragments_combined\fragments_32khz\Nothing\279C0445_idx361.npy,Nothing,G:\F2\F2a_20250211\279C0445.WAV,1339.1306435089948,1343.1799778243608,4.049334315365968,41,data\results\fragments_combined\fragments_32khz,train
362,data\results\fragments_combined\fragments_32khz\Nothing\279C0445_idx362.npy,Nothing,G:\F2\F2a_20250211\279C0445.WAV,1126.8228327536638,1135.2406890146551,8.417856260991357,85,data\results\fragments_combined\fragments_32khz,test
363,data\results\fragments_combined\fragments_32khz\Nothing\279C0445_idx363.npy,Nothing,G:\F2\F2a_20250211\279C0445.WAV,1240.0987939626996,1249.3847917183712,9.285997755671588,93,data\results\fragments_combined\fragments_32khz,train
364,data\results\fragments_combined\fragments_32khz\Nothing\279C0446_idx364.npy,Nothing,G:\F2\F2a_20250211\279C0446.WAV,279.34103158882425,288.41623645613663,9.07520486731238,91,data\results\fragments_combined\fragments_32khz,train
365,data\results\fragments_combined\fragments_32khz\Nothing\279C0446_idx365.npy,Nothing,G:\F2\F2a_20250211\279C0446.WAV,1071.6670979911737,1079.786343853773,8.1192458625992,82,data\results\fragments_combined\fragments_32khz,train
366,data\results\fragments_combined\fragments_32khz\Nothing\279C0446_idx366.npy,Nothing,G:\F2\F2a_20250211\279C0446.WAV,1276.539283724668,1284.43974909316,7.90046536849195,80,data\results\fragments_combined\fragments_32khz,train
367,data\results\fragments_combined\fragments_32khz\Nothing\279C0446_idx367.npy,Nothing,G:\F2\F2a_20250211\279C0446.WAV,786.6982203333419,792.2908666748444,5.592646341502586,56,data\results\fragments_combined\fragments_32khz,train
368,data\results\fragments_combined\fragments_32khz\Nothing\279C0446_idx368.npy,Nothing,G:\F2\F2a_20250211\279C0446.WAV,993.4684709840632,998.3650649572014,4.896593973138238,49,data\results\fragments_combined\fragments_32khz,train
369,data\results\fragments_combined\fragments_32khz\Nothing\279C0450_idx369.npy,Nothing,G:\F2\F2a_20250211\279C0450.WAV,57.84667189833456,64.4225229750871,6.575851076752542,66,data\results\fragments_combined\fragments_32khz,train
370,data\results\fragments_combined\fragments_32khz\Nothing\279C0450_idx370.npy,Nothing,G:\F2\F2a_20250211\279C0450.WAV,173.18049865797133,178.22033276119691,5.039834103225587,51,data\results\fragments_combined\fragments_32khz,train
371,data\results\fragments_combined\fragments_32khz\Nothing\279C0450_idx371.npy,Nothing,G:\F2\F2a_20250211\279C0450.WAV,890.7256020363515,893.4350164713758,2.709414435024314,28,data\results\fragments_combined\fragments_32khz,train
372,data\results\fragments_combined\fragments_32khz\Nothing\279C0450_idx372.npy,Nothing,G:\F2\F2a_20250211\279C0450.WAV,905.9701667593012,909.5813746212204,3.611207861919297,37,data\results\fragments_combined\fragments_32khz,train
373,data\results\fragments_combined\fragments_32khz\Nothing\279C0450_idx373.npy,Nothing,G:\F2\F2a_20250211\279C0450.WAV,392.2924415962663,399.3070033780978,7.014561781831503,71,data\results\fragments_combined\fragments_32khz,train
374,data\results\fragments_combined\fragments_32khz\Nothing\279C0454_idx374.npy,Nothing,G:\F2\F2a_20250211\279C0454.WAV,42.65035590679493,51.85566209240762,9.205306185612692,93,data\results\fragments_combined\fragments_32khz,train
375,data\results\fragments_combined\fragments_32khz\Nothing\279C0454_idx375.npy,Nothing,G:\F2\F2a_20250211\279C0454.WAV,79.99597684881662,83.61540829636117,3.6194314475445424,37,data\results\fragments_combined\fragments_32khz,train
376,data\results\fragments_combined\fragments_32khz\Nothing\279C0454_idx376.npy,Nothing,G:\F2\F2a_20250211\279C0454.WAV,1462.5377050010045,1469.2372847363251,6.69957973532064,67,data\results\fragments_combined\fragments_32khz,val
377,data\results\fragments_combined\fragments_32khz\Nothing\279C0454_idx377.npy,Nothing,G:\F2\F2a_20250211\279C0454.WAV,589.7941552534987,595.3550168761233,5.560861622624543,56,data\results\fragments_combined\fragments_32khz,train
378,data\results\fragments_combined\fragments_32khz\Nothing\279C0454_idx378.npy,Nothing,G:\F2\F2a_20250211\279C0454.WAV,444.2834809494543,451.7649659914021,7.481485041947792,75,data\results\fragments_combined\fragments_32khz,train
379,data\results\fragments_combined\fragments_32khz\Nothing\279C0461_idx379.npy,Nothing,G:\F2\F2a_20250211\279C0461.WAV,68.35563872922171,75.45622095299744,7.1005822237757314,72,data\results\fragments_combined\fragments_32khz,train
380,data\results\fragments_combined\fragments_32khz\Nothing\279C0461_idx380.npy,Nothing,G:\F2\F2a_20250211\279C0461.WAV,323.5046921853959,329.84129972054416,6.336607535148232,64,data\results\fragments_combined\fragments_32khz,train
381,data\results\fragments_combined\fragments_32khz\Nothing\279C0461_idx381.npy,Nothing,G:\F2\F2a_20250211\279C0461.WAV,150.62066315786592,158.0149616264445,7.394298468578569,74,data\results\fragments_combined\fragments_32khz,train
382,data\results\fragments_combined\fragments_32khz\Nothing\279C0461_idx382.npy,Nothing,G:\F2\F2a_20250211\279C0461.WAV,25.61516698755372,27.42054232291284,1.80537533535912,19,data\results\fragments_combined\fragments_32khz,val
383,data\results\fragments_combined\fragments_32khz\Nothing\279C0461_idx383.npy,Nothing,G:\F2\F2a_20250211\279C0461.WAV,134.36399304463538,142.4723927174438,8.108399672808417,82,data\results\fragments_combined\fragments_32khz,test
384,data\results\fragments_combined\fragments_32khz\Nothing\279C0760_idx384.npy,Nothing,G:\F1\F1_20240518\279C0760.WAV,1776.1374233638508,1784.1910143341902,8.053590970339428,81,data\results\fragments_combined\fragments_32khz,train
385,data\results\fragments_combined\fragments_32khz\Nothing\279C0760_idx385.npy,Nothing,G:\F1\F1_20240518\279C0760.WAV,1526.507040982642,1529.4141828441143,2.9071418614723825,30,data\results\fragments_combined\fragments_32khz,train
386,data\results\fragments_combined\fragments_32khz\Nothing\279C0760_idx386.npy,Nothing,G:\F1\F1_20240518\279C0760.WAV,1548.7181651865317,1555.0717393367609,6.3535741502291785,64,data\results\fragments_combined\fragments_32khz,test
387,data\results\fragments_combined\fragments_32khz\Nothing\279C0760_idx387.npy,Nothing,G:\F1\F1_20240518\279C0760.WAV,695.180402103666,701.0474329126541,5.867030808988147,59,data\results\fragments_combined\fragments_32khz,train
388,data\results\fragments_combined\fragments_32khz\Nothing\279C0760_idx388.npy,Nothing,G:\F1\F1_20240518\279C0760.WAV,1724.5909669210562,1730.0559687884308,5.465001867374667,55,data\results\fragments_combined\fragments_32khz,train
389,data\results\fragments_combined\fragments_32khz\Nothing\279C0768_idx389.npy,Nothing,G:\F1\F1_20240518\279C0768.WAV,271.1774159280358,279.2702407349005,8.092824806864655,81,data\results\fragments_combined\fragments_32khz,train
390,data\results\fragments_combined\fragments_32khz\Nothing\279C0768_idx390.npy,Nothing,G:\F1\F1_20240518\279C0768.WAV,270.21383313570465,279.5605773747606,9.346744239055964,94,data\results\fragments_combined\fragments_32khz,train
391,data\results\fragments_combined\fragments_32khz\Nothing\279C0768_idx391.npy,Nothing,G:\F1\F1_20240518\279C0768.WAV,1279.1706755773537,1280.7831594534048,1.612483876051101,17,data\results\fragments_combined\fragments_32khz,train
392,data\results\fragments_combined\fragments_32khz\Nothing\279C0768_idx392.npy,Nothing,G:\F1\F1_20240518\279C0768.WAV,185.5546837925177,190.0314626500263,4.476778857508606,45,data\results\fragments_combined\fragments_32khz,val
393,data\results\fragments_combined\fragments_32khz\Nothing\279C0768_idx393.npy,Nothing,G:\F1\F1_20240518\279C0768.WAV,1639.4608018042618,1646.3375002306934,6.876698426431631,69,data\results\fragments_combined\fragments_32khz,train
394,data\results\fragments_combined\fragments_32khz\Nothing\279C0770_idx394.npy,Nothing,G:\F1\F1_20240518\279C0770.WAV,175.00822668309948,182.75228208027067,7.744055397171195,78,data\results\fragments_combined\fragments_32khz,train
395,data\results\fragments_combined\fragments_32khz\Nothing\279C0770_idx395.npy,Nothing,G:\F1\F1_20240518\279C0770.WAV,835.9542233956479,839.9140475644824,3.9598241688345297,40,data\results\fragments_combined\fragments_32khz,val
396,data\results\fragments_combined\fragments_32khz\Nothing\279C0770_idx396.npy,Nothing,G:\F1\F1_20240518\279C0770.WAV,611.0450863202357,612.9490283593865,1.90394203915082,20,data\results\fragments_combined\fragments_32khz,train
397,data\results\fragments_combined\fragments_32khz\Nothing\279C0770_idx397.npy,Nothing,G:\F1\F1_20240518\279C0770.WAV,1487.484067822555,1492.1441561759432,4.660088353388119,47,data\results\fragments_combined\fragments_32khz,test
398,data\results\fragments_combined\fragments_32khz\Nothing\279C0770_idx398.npy,Nothing,G:\F1\F1_20240518\279C0770.WAV,607.4495973826362,613.2030315025387,5.753434119902522,58,data\results\fragments_combined\fragments_32khz,test
399,data\results\fragments_combined\fragments_32khz\Nothing\279C1506_idx399.npy,Nothing,G:\F1\F1_20240618\279C1506.WAV,1515.799979124961,1523.7128433171004,7.912864192139295,80,data\results\fragments_combined\fragments_32khz,train
400,data\results\fragments_combined\fragments_32khz\Nothing\279C1506_idx400.npy,Nothing,G:\F1\F1_20240618\279C1506.WAV,935.6794214887032,945.5524211654844,9.872999676781204,99,data\results\fragments_combined\fragments_32khz,train
401,data\results\fragments_combined\fragments_32khz\Nothing\279C1506_idx401.npy,Nothing,G:\F1\F1_20240618\279C1506.WAV,1109.0505423138543,1118.5868915838907,9.536349270036451,96,data\results\fragments_combined\fragments_32khz,train
402,data\results\fragments_combined\fragments_32khz\Nothing\279C1506_idx402.npy,Nothing,G:\F1\F1_20240618\279C1506.WAV,159.34319637245417,165.89539827037063,6.552201897916461,66,data\results\fragments_combined\fragments_32khz,train
403,data\results\fragments_combined\fragments_32khz\Nothing\279C1506_idx403.npy,Nothing,G:\F1\F1_20240618\279C1506.WAV,16.084464468822166,22.17291546852976,6.088450999707593,61,data\results\fragments_combined\fragments_32khz,train
404,data\results\fragments_combined\fragments_32khz\Nothing\279C1863_idx404.npy,Nothing,G:\F1\F1_20240703\279C1863.WAV,1760.979889697225,1765.7959103347216,4.816020637496649,49,data\results\fragments_combined\fragments_32khz,train
405,data\results\fragments_combined\fragments_32khz\Nothing\279C1863_idx405.npy,Nothing,G:\F1\F1_20240703\279C1863.WAV,1686.481604400411,1689.78751514118,3.3059107407689226,34,data\results\fragments_combined\fragments_32khz,train
406,data\results\fragments_combined\fragments_32khz\Nothing\279C1863_idx406.npy,Nothing,G:\F1\F1_20240703\279C1863.WAV,1590.1615743673087,1593.5298845860125,3.368310218703755,34,data\results\fragments_combined\fragments_32khz,test
407,data\results\fragments_combined\fragments_32khz\Nothing\279C1863_idx407.npy,Nothing,G:\F1\F1_20240703\279C1863.WAV,1589.7542643571296,1597.676557693729,7.922293336599296,80,data\results\fragments_combined\fragments_32khz,train
408,data\results\fragments_combined\fragments_32khz\Nothing\279C1863_idx408.npy,Nothing,G:\F1\F1_20240703\279C1863.WAV,430.36788616758656,439.22028639851015,8.852400230923593,89,data\results\fragments_combined\fragments_32khz,train
409,data\results\fragments_combined\fragments_32khz\Nothing\279C1864_idx409.npy,Nothing,G:\F1\F1_20240703\279C1864.WAV,670.8243757199252,679.2748932267042,8.450517506778965,85,data\results\fragments_combined\fragments_32khz,train
410,data\results\fragments_combined\fragments_32khz\Nothing\279C1864_idx410.npy,Nothing,G:\F1\F1_20240703\279C1864.WAV,437.5679387257974,444.3919437188095,6.8240049930121245,69,data\results\fragments_combined\fragments_32khz,val
411,data\results\fragments_combined\fragments_32khz\Nothing\279C1864_idx411.npy,Nothing,G:\F1\F1_20240703\279C1864.WAV,741.7269905076334,743.0861774139827,1.3591869063492368,14,data\results\fragments_combined\fragments_32khz,val
412,data\results\fragments_combined\fragments_32khz\Nothing\279C1864_idx412.npy,Nothing,G:\F1\F1_20240703\279C1864.WAV,865.6400647678719,868.4279313192628,2.787866551390948,28,data\results\fragments_combined\fragments_32khz,train
413,data\results\fragments_combined\fragments_32khz\Nothing\279C1864_idx413.npy,Nothing,G:\F1\F1_20240703\279C1864.WAV,1695.4846339379128,1703.3639293744889,7.879295436576058,79,data\results\fragments_combined\fragments_32khz,train
414,data\results\fragments_combined\fragments_32khz\Nothing\279C1867_idx414.npy,Nothing,G:\F1\F1_20240703\279C1867.WAV,12.65018908908084,19.384744962692,6.734555873611161,68,data\results\fragments_combined\fragments_32khz,train
415,data\results\fragments_combined\fragments_32khz\Nothing\279C1867_idx415.npy,Nothing,G:\F1\F1_20240703\279C1867.WAV,22.96964063649198,23.52122406071464,0.5515834242226596,6,data\results\fragments_combined\fragments_32khz,train
416,data\results\fragments_combined\fragments_32khz\Nothing\279C1867_idx416.npy,Nothing,G:\F1\F1_20240703\279C1867.WAV,14.655962582079743,22.77003978524419,8.114077203164447,82,data\results\fragments_combined\fragments_32khz,train
417,data\results\fragments_combined\fragments_32khz\Nothing\279C1867_idx417.npy,Nothing,G:\F1\F1_20240703\279C1867.WAV,20.003643731688904,28.57302773945809,8.569384007769191,86,data\results\fragments_combined\fragments_32khz,train
418,data\results\fragments_combined\fragments_32khz\Nothing\279C1867_idx418.npy,Nothing,G:\F1\F1_20240703\279C1867.WAV,19.14873123976049,28.46278782639716,9.31405658663667,94,data\results\fragments_combined\fragments_32khz,val
419,data\results\fragments_combined\fragments_32khz\Nothing\279C1870_idx419.npy,Nothing,G:\F1\F1_20240703\279C1870.WAV,1649.889077122373,1657.02122457017,7.132147447797024,72,data\results\fragments_combined\fragments_32khz,test
420,data\results\fragments_combined\fragments_32khz\Nothing\279C1870_idx420.npy,Nothing,G:\F1\F1_20240703\279C1870.WAV,1747.3674679293404,1749.7843979811714,2.4169300518310592,25,data\results\fragments_combined\fragments_32khz,train
421,data\results\fragments_combined\fragments_32khz\Nothing\279C1870_idx421.npy,Nothing,G:\F1\F1_20240703\279C1870.WAV,1585.5745829121413,1590.8676273189749,5.293044406833587,53,data\results\fragments_combined\fragments_32khz,train
422,data\results\fragments_combined\fragments_32khz\Nothing\279C1870_idx422.npy,Nothing,G:\F1\F1_20240703\279C1870.WAV,1659.5216985851769,1668.1074440329153,8.585745447738418,86,data\results\fragments_combined\fragments_32khz,train
423,data\results\fragments_combined\fragments_32khz\Nothing\279C1870_idx423.npy,Nothing,G:\F1\F1_20240703\279C1870.WAV,294.6131658011792,302.09206617456323,7.478900373384022,75,data\results\fragments_combined\fragments_32khz,train
424,data\results\fragments_combined\fragments_32khz\Nothing\279C1871_idx424.npy,Nothing,G:\F1\F1_20240703\279C1871.WAV,251.7233574444093,258.9674520685816,7.244094624172334,73,data\results\fragments_combined\fragments_32khz,train
425,data\results\fragments_combined\fragments_32khz\Nothing\279C1871_idx425.npy,Nothing,G:\F1\F1_20240703\279C1871.WAV,1246.386438274954,1252.6961025317362,6.309664256782298,64,data\results\fragments_combined\fragments_32khz,train
426,data\results\fragments_combined\fragments_32khz\Nothing\279C1871_idx426.npy,Nothing,G:\F1\F1_20240703\279C1871.WAV,232.6617678201766,233.5640980601882,0.9023302400115938,10,data\results\fragments_combined\fragments_32khz,test
427,data\results\fragments_combined\fragments_32khz\Nothing\279C1871_idx427.npy,Nothing,G:\F1\F1_20240703\279C1871.WAV,905.8332837996596,913.0742775081156,7.240993708456017,73,data\results\fragments_combined\fragments_32khz,train
428,data\results\fragments_combined\fragments_32khz\Nothing\279C1871_idx428.npy,Nothing,G:\F1\F1_20240703\279C1871.WAV,256.57840144847347,258.8219671228365,2.243565674363026,23,data\results\fragments_combined\fragments_32khz,train
429,data\results\fragments_combined\fragments_32khz\Nothing\279C1878_idx429.npy,Nothing,G:\F1\F1_20240703\279C1878.WAV,1554.4107841749708,1559.2671102783263,4.856326103355514,49,data\results\fragments_combined\fragments_32khz,train
430,data\results\fragments_combined\fragments_32khz\Nothing\279C1878_idx430.npy,Nothing,G:\F1\F1_20240703\279C1878.WAV,1228.9061643564264,1234.8440892810336,5.93792492460716,60,data\results\fragments_combined\fragments_32khz,test
431,data\results\fragments_combined\fragments_32khz\Nothing\279C1878_idx431.npy,Nothing,G:\F1\F1_20240703\279C1878.WAV,1513.0646677782129,1522.5519000870145,9.487232308801596,95,data\results\fragments_combined\fragments_32khz,train
432,data\results\fragments_combined\fragments_32khz\Nothing\279C1878_idx432.npy,Nothing,G:\F1\F1_20240703\279C1878.WAV,729.8017747885441,736.9496462621403,7.147871473596183,72,data\results\fragments_combined\fragments_32khz,val
433,data\results\fragments_combined\fragments_32khz\Nothing\279C1878_idx433.npy,Nothing,G:\F1\F1_20240703\279C1878.WAV,570.2753650205283,579.7110119126357,9.435646892107457,95,data\results\fragments_combined\fragments_32khz,train
434,data\results\fragments_combined\fragments_32khz\Nothing\279C2223_idx434.npy,Nothing,G:\F1\F1_20240718\279C2223.WAV,9.719355700303083,14.05768241234036,4.3383267120372775,44,data\results\fragments_combined\fragments_32khz,train
435,data\results\fragments_combined\fragments_32khz\Nothing\279C2223_idx435.npy,Nothing,G:\F1\F1_20240718\279C2223.WAV,1669.8617438125636,1671.4943103114422,1.632566498878532,17,data\results\fragments_combined\fragments_32khz,train
436,data\results\fragments_combined\fragments_32khz\Nothing\279C2223_idx436.npy,Nothing,G:\F1\F1_20240718\279C2223.WAV,9.174803856008092,12.569497591735988,3.394693735727897,34,data\results\fragments_combined\fragments_32khz,train
437,data\results\fragments_combined\fragments_32khz\Nothing\279C2223_idx437.npy,Nothing,G:\F1\F1_20240718\279C2223.WAV,649.1230330957865,655.4274147926344,6.3043816968479405,64,data\results\fragments_combined\fragments_32khz,train
438,data\results\fragments_combined\fragments_32khz\Nothing\279C2223_idx438.npy,Nothing,G:\F1\F1_20240718\279C2223.WAV,1563.7554614846572,1568.13890102423,4.383439539572919,44,data\results\fragments_combined\fragments_32khz,train
439,data\results\fragments_combined\fragments_32khz\Nothing\279C2224_idx439.npy,Nothing,G:\F1\F1_20240718\279C2224.WAV,1592.6499824100115,1598.738891769897,6.08890935988552,61,data\results\fragments_combined\fragments_32khz,train
440,data\results\fragments_combined\fragments_32khz\Nothing\279C2224_idx440.npy,Nothing,G:\F1\F1_20240718\279C2224.WAV,748.8049403876734,753.2797408071635,4.47480041949018,45,data\results\fragments_combined\fragments_32khz,train
441,data\results\fragments_combined\fragments_32khz\Nothing\279C2224_idx441.npy,Nothing,G:\F1\F1_20240718\279C2224.WAV,894.5684682300621,897.2116004780021,2.6431322479400023,27,data\results\fragments_combined\fragments_32khz,train
442,data\results\fragments_combined\fragments_32khz\Nothing\279C2224_idx442.npy,Nothing,G:\F1\F1_20240718\279C2224.WAV,1719.741135939387,1726.9101566599356,7.169020720548588,72,data\results\fragments_combined\fragments_32khz,train
443,data\results\fragments_combined\fragments_32khz\Nothing\279C2224_idx443.npy,Nothing,G:\F1\F1_20240718\279C2224.WAV,1749.0920232340216,1755.7901372709714,6.698114036949846,67,data\results\fragments_combined\fragments_32khz,train
444,data\results\fragments_combined\fragments_32khz\Nothing\279C2227_idx444.npy,Nothing,G:\F1\F1_20240718\279C2227.WAV,1567.18400201188,1572.900873656077,5.716871644196999,58,data\results\fragments_combined\fragments_32khz,train
445,data\results\fragments_combined\fragments_32khz\Nothing\279C2227_idx445.npy,Nothing,G:\F1\F1_20240718\279C2227.WAV,1696.69810573628,1703.1452243052202,6.447118568940141,65,data\results\fragments_combined\fragments_32khz,test
446,data\results\fragments_combined\fragments_32khz\Nothing\279C2227_idx446.npy,Nothing,G:\F1\F1_20240718\279C2227.WAV,1581.0991427025174,1588.5978467430984,7.49870404058106,75,data\results\fragments_combined\fragments_32khz,val
447,data\results\fragments_combined\fragments_32khz\Nothing\279C2227_idx447.npy,Nothing,G:\F1\F1_20240718\279C2227.WAV,1768.6499167261768,1777.8999601004812,9.250043374304369,93,data\results\fragments_combined\fragments_32khz,val
448,data\results\fragments_combined\fragments_32khz\Nothing\279C2227_idx448.npy,Nothing,G:\F1\F1_20240718\279C2227.WAV,1695.709219364134,1703.8079882663906,8.098768902256552,81,data\results\fragments_combined\fragments_32khz,train
449,data\results\fragments_combined\fragments_32khz\Nothing\279C2228_idx449.npy,Nothing,G:\F1\F1_20240718\279C2228.WAV,466.5134343319457,474.9685667742239,8.455132442278227,85,data\results\fragments_combined\fragments_32khz,train
450,data\results\fragments_combined\fragments_32khz\Nothing\279C2228_idx450.npy,Nothing,G:\F1\F1_20240718\279C2228.WAV,638.7280726514398,639.9126345486328,1.1845618971930207,12,data\results\fragments_combined\fragments_32khz,test
451,data\results\fragments_combined\fragments_32khz\Nothing\279C2228_idx451.npy,Nothing,G:\F1\F1_20240718\279C2228.WAV,46.47084104623634,47.49873625685168,1.0278952106153412,11,data\results\fragments_combined\fragments_32khz,train
452,data\results\fragments_combined\fragments_32khz\Nothing\279C2228_idx452.npy,Nothing,G:\F1\F1_20240718\279C2228.WAV,437.154313314405,439.2977605437252,2.143447229320202,22,data\results\fragments_combined\fragments_32khz,train
453,data\results\fragments_combined\fragments_32khz\Nothing\279C2228_idx453.npy,Nothing,G:\F1\F1_20240718\279C2228.WAV,109.64383968953555,117.19941907342388,7.555579383888329,76,data\results\fragments_combined\fragments_32khz,train
454,data\results\fragments_combined\fragments_32khz\Nothing\279C2230_idx454.npy,Nothing,G:\F1\F1_20240718\279C2230.WAV,193.28368279107667,201.920889015035,8.637206223958316,87,data\results\fragments_combined\fragments_32khz,train
455,data\results\fragments_combined\fragments_32khz\Nothing\279C2230_idx455.npy,Nothing,G:\F1\F1_20240718\279C2230.WAV,192.14493560322032,198.3529194786986,6.207983875478277,63,data\results\fragments_combined\fragments_32khz,val
456,data\results\fragments_combined\fragments_32khz\Nothing\279C2230_idx456.npy,Nothing,G:\F1\F1_20240718\279C2230.WAV,261.89510311348005,265.8618370437234,3.966733930243379,40,data\results\fragments_combined\fragments_32khz,train
457,data\results\fragments_combined\fragments_32khz\Nothing\279C2230_idx457.npy,Nothing,G:\F1\F1_20240718\279C2230.WAV,937.954137133176,945.7891336010445,7.83499646786845,79,data\results\fragments_combined\fragments_32khz,train
458,data\results\fragments_combined\fragments_32khz\Nothing\279C2230_idx458.npy,Nothing,G:\F1\F1_20240718\279C2230.WAV,48.8976001594094,55.93041812648728,7.032817967077882,71,data\results\fragments_combined\fragments_32khz,val
459,data\results\fragments_combined\fragments_32khz\Nothing\279C2241_idx459.npy,Nothing,G:\F1\F1_20240718\279C2241.WAV,1161.2121484684983,1167.8005904970669,6.588442028568579,66,data\results\fragments_combined\fragments_32khz,test
460,data\results\fragments_combined\fragments_32khz\Nothing\279C2241_idx460.npy,Nothing,G:\F1\F1_20240718\279C2241.WAV,1259.6829186679695,1262.168966424691,2.4860477567215185,25,data\results\fragments_combined\fragments_32khz,train
461,data\results\fragments_combined\fragments_32khz\Nothing\279C2241_idx461.npy,Nothing,G:\F1\F1_20240718\279C2241.WAV,1120.07740233301,1122.1535175778372,2.0761152448271787,21,data\results\fragments_combined\fragments_32khz,train
462,data\results\fragments_combined\fragments_32khz\Nothing\279C2241_idx462.npy,Nothing,G:\F1\F1_20240718\279C2241.WAV,1687.8382004561165,1697.7349639816105,9.896763525493952,99,data\results\fragments_combined\fragments_32khz,train
463,data\results\fragments_combined\fragments_32khz\Nothing\279C2241_idx463.npy,Nothing,G:\F1\F1_20240718\279C2241.WAV,1013.704905325825,1023.6129611369248,9.908055811099755,100,data\results\fragments_combined\fragments_32khz,train
464,data\results\fragments_combined\fragments_32khz\Nothing\279C2624_idx464.npy,Nothing,G:\F1\F1_20240803\279C2624.WAV,979.2721804553788,984.0305137812952,4.7583333259163965,48,data\results\fragments_combined\fragments_32khz,val
465,data\results\fragments_combined\fragments_32khz\Nothing\279C2624_idx465.npy,Nothing,G:\F1\F1_20240803\279C2624.WAV,607.9753992575617,615.6510358991118,7.675636641550113,77,data\results\fragments_combined\fragments_32khz,train
466,data\results\fragments_combined\fragments_32khz\Nothing\279C2624_idx466.npy,Nothing,G:\F1\F1_20240803\279C2624.WAV,1157.262313996194,1162.220919871003,4.958605874808882,50,data\results\fragments_combined\fragments_32khz,train
467,data\results\fragments_combined\fragments_32khz\Nothing\279C2624_idx467.npy,Nothing,G:\F1\F1_20240803\279C2624.WAV,342.3634231500168,351.4809075605008,9.117484410483996,92,data\results\fragments_combined\fragments_32khz,train
468,data\results\fragments_combined\fragments_32khz\Nothing\279C2624_idx468.npy,Nothing,G:\F1\F1_20240803\279C2624.WAV,425.8176768468754,428.52977355384064,2.7120967069652693,28,data\results\fragments_combined\fragments_32khz,train
469,data\results\fragments_combined\fragments_32khz\Nothing\279C2978_idx469.npy,Nothing,G:\F1\F1_20240818\279C2978.WAV,558.9276460707572,564.9988752143978,6.071229143640608,61,data\results\fragments_combined\fragments_32khz,train
470,data\results\fragments_combined\fragments_32khz\Nothing\279C2978_idx470.npy,Nothing,G:\F1\F1_20240818\279C2978.WAV,567.3772007701585,568.676296448449,1.2990956782904275,13,data\results\fragments_combined\fragments_32khz,val
471,data\results\fragments_combined\fragments_32khz\Nothing\279C2978_idx471.npy,Nothing,G:\F1\F1_20240818\279C2978.WAV,939.9122368904224,946.469329544968,6.557092654545613,66,data\results\fragments_combined\fragments_32khz,train
472,data\results\fragments_combined\fragments_32khz\Nothing\279C2978_idx472.npy,Nothing,G:\F1\F1_20240818\279C2978.WAV,1133.472924321828,1141.2205030027037,7.747578680875677,78,data\results\fragments_combined\fragments_32khz,val
473,data\results\fragments_combined\fragments_32khz\Nothing\279C2978_idx473.npy,Nothing,G:\F1\F1_20240818\279C2978.WAV,1277.551091602182,1281.5338712590417,3.982779656859748,40,data\results\fragments_combined\fragments_32khz,train
474,data\results\fragments_combined\fragments_32khz\Nothing\279C2980_idx474.npy,Nothing,G:\F1\F1_20240818\279C2980.WAV,464.7725663978336,473.2951156940618,8.522549296228192,86,data\results\fragments_combined\fragments_32khz,train
475,data\results\fragments_combined\fragments_32khz\Nothing\279C2980_idx475.npy,Nothing,G:\F1\F1_20240818\279C2980.WAV,1170.2219690779557,1178.0239311778196,7.801962099863886,79,data\results\fragments_combined\fragments_32khz,train
476,data\results\fragments_combined\fragments_32khz\Nothing\279C2980_idx476.npy,Nothing,G:\F1\F1_20240818\279C2980.WAV,1272.8536369306448,1281.9943832474223,9.140746316777497,92,data\results\fragments_combined\fragments_32khz,val
477,data\results\fragments_combined\fragments_32khz\Nothing\279C2980_idx477.npy,Nothing,G:\F1\F1_20240818\279C2980.WAV,466.67100383412895,475.2486096730493,8.577605838920363,86,data\results\fragments_combined\fragments_32khz,val
478,data\results\fragments_combined\fragments_32khz\Nothing\279C2980_idx478.npy,Nothing,G:\F1\F1_20240818\279C2980.WAV,420.318352327092,425.86675721663545,5.548404889543463,56,data\results\fragments_combined\fragments_32khz,test
479,data\results\fragments_combined\fragments_32khz\Nothing\279C2981_idx479.npy,Nothing,G:\F1\F1_20240818\279C2981.WAV,1585.8525129243876,1590.1387617380522,4.286248813664543,43,data\results\fragments_combined\fragments_32khz,train
480,data\results\fragments_combined\fragments_32khz\Nothing\279C2981_idx480.npy,Nothing,G:\F1\F1_20240818\279C2981.WAV,1420.5404972412146,1422.7268097743658,2.1863125331512947,22,data\results\fragments_combined\fragments_32khz,train
481,data\results\fragments_combined\fragments_32khz\Nothing\279C2981_idx481.npy,Nothing,G:\F1\F1_20240818\279C2981.WAV,1133.3379190728988,1135.6581476646943,2.3202285917955123,24,data\results\fragments_combined\fragments_32khz,train
482,data\results\fragments_combined\fragments_32khz\Nothing\279C2981_idx482.npy,Nothing,G:\F1\F1_20240818\279C2981.WAV,375.0519466335856,379.8099162520258,4.7579696184402,48,data\results\fragments_combined\fragments_32khz,test
483,data\results\fragments_combined\fragments_32khz\Nothing\279C2981_idx483.npy,Nothing,G:\F1\F1_20240818\279C2981.WAV,1384.7097480874402,1390.8952814072386,6.185533319798424,62,data\results\fragments_combined\fragments_32khz,train
484,data\results\fragments_combined\fragments_32khz\Nothing\B92C0088_idx484.npy,Nothing,G:\F2\F2_20240420\B92C0088.WAV,471.4037765310522,478.5825944551917,7.178817924139537,72,data\results\fragments_combined\fragments_32khz,train
485,data\results\fragments_combined\fragments_32khz\Nothing\B92C0088_idx485.npy,Nothing,G:\F2\F2_20240420\B92C0088.WAV,1247.7744031939133,1257.6015596955674,9.827156501654144,99,data\results\fragments_combined\fragments_32khz,train
486,data\results\fragments_combined\fragments_32khz\Nothing\B92C0088_idx486.npy,Nothing,G:\F2\F2_20240420\B92C0088.WAV,1691.7537876387075,1699.4873969889557,7.733609350248116,78,data\results\fragments_combined\fragments_32khz,train
487,data\results\fragments_combined\fragments_32khz\Nothing\B92C0088_idx487.npy,Nothing,G:\F2\F2_20240420\B92C0088.WAV,581.5314109867471,588.8780224805714,7.346611493824298,74,data\results\fragments_combined\fragments_32khz,test
488,data\results\fragments_combined\fragments_32khz\Nothing\B92C0088_idx488.npy,Nothing,G:\F2\F2_20240420\B92C0088.WAV,870.615463737991,879.3500774014793,8.73461366348829,88,data\results\fragments_combined\fragments_32khz,val
489,data\results\fragments_combined\fragments_32khz\Nothing\B92C0091_idx489.npy,Nothing,G:\F2\F2_20240420\B92C0091.WAV,1760.1494158146909,1767.6073440931318,7.4579282784409315,75,data\results\fragments_combined\fragments_32khz,train
490,data\results\fragments_combined\fragments_32khz\Nothing\B92C0091_idx490.npy,Nothing,G:\F2\F2_20240420\B92C0091.WAV,1697.749936742885,1704.4639096329674,6.713972890082459,68,data\results\fragments_combined\fragments_32khz,train
491,data\results\fragments_combined\fragments_32khz\Nothing\B92C0091_idx491.npy,Nothing,G:\F2\F2_20240420\B92C0091.WAV,1453.7553349382986,1463.608826711899,9.853491773600354,99,data\results\fragments_combined\fragments_32khz,val
492,data\results\fragments_combined\fragments_32khz\Nothing\B92C0091_idx492.npy,Nothing,G:\F2\F2_20240420\B92C0091.WAV,1612.567709402359,1620.1925530127442,7.624843610385142,77,data\results\fragments_combined\fragments_32khz,train
493,data\results\fragments_combined\fragments_32khz\Nothing\B92C0091_idx493.npy,Nothing,G:\F2\F2_20240420\B92C0091.WAV,1667.393287794197,1669.0700506554072,1.6767628612101362,17,data\results\fragments_combined\fragments_32khz,train
494,data\results\fragments_combined\fragments_32khz\Nothing\B92C0092_idx494.npy,Nothing,G:\F2\F2_20240420\B92C0092.WAV,396.5417971842263,401.69394473148685,5.15214754726054,52,data\results\fragments_combined\fragments_32khz,train
495,data\results\fragments_combined\fragments_32khz\Nothing\B92C0092_idx495.npy,Nothing,G:\F2\F2_20240420\B92C0092.WAV,640.6342340216737,645.5514818555134,4.917247833839724,50,data\results\fragments_combined\fragments_32khz,train
496,data\results\fragments_combined\fragments_32khz\Nothing\B92C0092_idx496.npy,Nothing,G:\F2\F2_20240420\B92C0092.WAV,1700.2031345484163,1708.243114978736,8.039980430319702,81,data\results\fragments_combined\fragments_32khz,val
497,data\results\fragments_combined\fragments_32khz\Nothing\B92C0092_idx497.npy,Nothing,G:\F2\F2_20240420\B92C0092.WAV,699.3632178188368,705.1401040651456,5.776886246308777,58,data\results\fragments_combined\fragments_32khz,train
498,data\results\fragments_combined\fragments_32khz\Nothing\B92C0092_idx498.npy,Nothing,G:\F2\F2_20240420\B92C0092.WAV,839.8949173406409,848.2094567015065,8.314539360865638,84,data\results\fragments_combined\fragments_32khz,val
499,data\results\fragments_combined\fragments_32khz\Nothing\B92C0096_idx499.npy,Nothing,G:\F2\F2_20240420\B92C0096.WAV,1503.064079626695,1507.1047518691091,4.040672242414075,41,data\results\fragments_combined\fragments_32khz,train
500,data\results\fragments_combined\fragments_32khz\Nothing\B92C0096_idx500.npy,Nothing,G:\F2\F2_20240420\B92C0096.WAV,644.4976786327072,651.4130821050484,6.915403472341154,70,data\results\fragments_combined\fragments_32khz,train
501,data\results\fragments_combined\fragments_32khz\Nothing\B92C0096_idx501.npy,Nothing,G:\F2\F2_20240420\B92C0096.WAV,667.4564319951877,675.3067784813281,7.850346486140438,79,data\results\fragments_combined\fragments_32khz,train
502,data\results\fragments_combined\fragments_32khz\Nothing\B92C0096_idx502.npy,Nothing,G:\F2\F2_20240420\B92C0096.WAV,1483.0266110147352,1491.134891139748,8.108280125012925,82,data\results\fragments_combined\fragments_32khz,train
503,data\results\fragments_combined\fragments_32khz\Nothing\B92C0096_idx503.npy,Nothing,G:\F2\F2_20240420\B92C0096.WAV,778.9923495117768,781.720433440969,2.7280839291922803,28,data\results\fragments_combined\fragments_32khz,val
504,data\results\fragments_combined\fragments_32khz\Nothing\B92C0100_idx504.npy,Nothing,G:\F2\F2_20240420\B92C0100.WAV,828.0159927406281,828.5587439275549,0.5427511869268073,6,data\results\fragments_combined\fragments_32khz,train
505,data\results\fragments_combined\fragments_32khz\Nothing\B92C0100_idx505.npy,Nothing,G:\F2\F2_20240420\B92C0100.WAV,777.9799312613887,784.9141615553505,6.934230293961718,70,data\results\fragments_combined\fragments_32khz,train
506,data\results\fragments_combined\fragments_32khz\Nothing\B92C0100_idx506.npy,Nothing,G:\F2\F2_20240420\B92C0100.WAV,251.8551180567453,260.8636494298905,9.00853137314516,91,data\results\fragments_combined\fragments_32khz,train
507,data\results\fragments_combined\fragments_32khz\Nothing\B92C0100_idx507.npy,Nothing,G:\F2\F2_20240420\B92C0100.WAV,461.9130069257409,464.67076137766657,2.7577544519256776,28,data\results\fragments_combined\fragments_32khz,train
508,data\results\fragments_combined\fragments_32khz\Nothing\B92C0100_idx508.npy,Nothing,G:\F2\F2_20240420\B92C0100.WAV,1261.3049749131062,1269.9117492889748,8.606774375868554,87,data\results\fragments_combined\fragments_32khz,train
509,data\results\fragments_combined\fragments_32khz\Nothing\B92C0104_idx509.npy,Nothing,G:\F2\F2_20240420\B92C0104.WAV,226.8375621696567,232.94560455304665,6.108042383389943,62,data\results\fragments_combined\fragments_32khz,train
510,data\results\fragments_combined\fragments_32khz\Nothing\B92C0104_idx510.npy,Nothing,G:\F2\F2_20240420\B92C0104.WAV,154.30981723594982,163.23211407658258,8.922296840632754,90,data\results\fragments_combined\fragments_32khz,train
511,data\results\fragments_combined\fragments_32khz\Nothing\B92C0104_idx511.npy,Nothing,G:\F2\F2_20240420\B92C0104.WAV,1530.3562842174465,1531.661994334186,1.3057101167394194,14,data\results\fragments_combined\fragments_32khz,val
512,data\results\fragments_combined\fragments_32khz\Nothing\B92C0104_idx512.npy,Nothing,G:\F2\F2_20240420\B92C0104.WAV,822.2917831444852,830.4623834012599,8.17060025677472,82,data\results\fragments_combined\fragments_32khz,val
513,data\results\fragments_combined\fragments_32khz\Nothing\B92C0104_idx513.npy,Nothing,G:\F2\F2_20240420\B92C0104.WAV,977.9958977348316,981.3113372764376,3.315439541605997,34,data\results\fragments_combined\fragments_32khz,train
514,data\results\fragments_combined\fragments_32khz\Nothing\B92C0105_idx514.npy,Nothing,G:\F2\F2_20240420\B92C0105.WAV,498.6619601796657,504.6232435110845,5.9612833314188265,60,data\results\fragments_combined\fragments_32khz,val
515,data\results\fragments_combined\fragments_32khz\Nothing\B92C0105_idx515.npy,Nothing,G:\F2\F2_20240420\B92C0105.WAV,546.0013619320757,553.159731528222,7.158369596146258,72,data\results\fragments_combined\fragments_32khz,val
516,data\results\fragments_combined\fragments_32khz\Nothing\B92C0105_idx516.npy,Nothing,G:\F2\F2_20240420\B92C0105.WAV,510.2208414317304,519.4161796544432,9.195338222712849,92,data\results\fragments_combined\fragments_32khz,train
517,data\results\fragments_combined\fragments_32khz\Nothing\B92C0105_idx517.npy,Nothing,G:\F2\F2_20240420\B92C0105.WAV,133.7053735351815,135.4818592116556,1.7764856764740955,18,data\results\fragments_combined\fragments_32khz,val
518,data\results\fragments_combined\fragments_32khz\Nothing\B92C0105_idx518.npy,Nothing,G:\F2\F2_20240420\B92C0105.WAV,316.2745891490921,318.6933900071355,2.4188008580434257,25,data\results\fragments_combined\fragments_32khz,train
519,data\results\fragments_combined\fragments_32khz\Nothing\B92C0756_idx519.npy,Nothing,G:\F2\F2_20240518\B92C0756.WAV,1461.1469291321932,1465.9530883389448,4.806159206751545,49,data\results\fragments_combined\fragments_32khz,val
520,data\results\fragments_combined\fragments_32khz\Nothing\B92C0756_idx520.npy,Nothing,G:\F2\F2_20240518\B92C0756.WAV,1774.7959852220097,1779.28961205131,4.4936268293004105,45,data\results\fragments_combined\fragments_32khz,train
521,data\results\fragments_combined\fragments_32khz\Nothing\B92C0756_idx521.npy,Nothing,G:\F2\F2_20240518\B92C0756.WAV,1430.4495249676563,1438.093174622618,7.643649654961791,77,data\results\fragments_combined\fragments_32khz,train
522,data\results\fragments_combined\fragments_32khz\Nothing\B92C0756_idx522.npy,Nothing,G:\F2\F2_20240518\B92C0756.WAV,1405.1112596392088,1414.1327292275523,9.021469588343509,91,data\results\fragments_combined\fragments_32khz,train
523,data\results\fragments_combined\fragments_32khz\Nothing\B92C0756_idx523.npy,Nothing,G:\F2\F2_20240518\B92C0756.WAV,1556.54549892849,1560.1362548683985,3.590755939908604,36,data\results\fragments_combined\fragments_32khz,val
524,data\results\fragments_combined\fragments_32khz\Nothing\B92C0763_idx524.npy,Nothing,G:\F2\F2_20240518\B92C0763.WAV,1694.5124098620777,1702.0644303815484,7.552020519470716,76,data\results\fragments_combined\fragments_32khz,train
525,data\results\fragments_combined\fragments_32khz\Nothing\B92C0763_idx525.npy,Nothing,G:\F2\F2_20240518\B92C0763.WAV,156.68892520633116,163.39659769192136,6.707672485590194,68,data\results\fragments_combined\fragments_32khz,train
526,data\results\fragments_combined\fragments_32khz\Nothing\B92C0763_idx526.npy,Nothing,G:\F2\F2_20240518\B92C0763.WAV,737.5935073428245,741.1571846409269,3.563677298102334,36,data\results\fragments_combined\fragments_32khz,train
527,data\results\fragments_combined\fragments_32khz\Nothing\B92C0763_idx527.npy,Nothing,G:\F2\F2_20240518\B92C0763.WAV,363.3178966359701,372.1238831062328,8.805986470262724,89,data\results\fragments_combined\fragments_32khz,train
528,data\results\fragments_combined\fragments_32khz\Nothing\B92C0763_idx528.npy,Nothing,G:\F2\F2_20240518\B92C0763.WAV,969.8417877843896,977.8655448232324,8.02375703884286,81,data\results\fragments_combined\fragments_32khz,train
529,data\results\fragments_combined\fragments_32khz\Nothing\B92C0765_idx529.npy,Nothing,G:\F2\F2_20240518\B92C0765.WAV,1787.357543272798,1792.0222127293478,4.6646694565497455,47,data\results\fragments_combined\fragments_32khz,train
530,data\results\fragments_combined\fragments_32khz\Nothing\B92C0765_idx530.npy,Nothing,G:\F2\F2_20240518\B92C0765.WAV,221.0336687732025,227.94234480450328,6.908676031300757,70,data\results\fragments_combined\fragments_32khz,train
531,data\results\fragments_combined\fragments_32khz\Nothing\B92C0765_idx531.npy,Nothing,G:\F2\F2_20240518\B92C0765.WAV,49.84319419837408,58.91745690595678,9.074262707582704,91,data\results\fragments_combined\fragments_32khz,train
532,data\results\fragments_combined\fragments_32khz\Nothing\B92C0765_idx532.npy,Nothing,G:\F2\F2_20240518\B92C0765.WAV,433.6761661295304,439.5167881000374,5.840621970507016,59,data\results\fragments_combined\fragments_32khz,val
533,data\results\fragments_combined\fragments_32khz\Nothing\B92C0765_idx533.npy,Nothing,G:\F2\F2_20240518\B92C0765.WAV,139.22379856754213,145.9265587699001,6.702760202357979,68,data\results\fragments_combined\fragments_32khz,train
534,data\results\fragments_combined\fragments_32khz\Nothing\B92C0776_idx534.npy,Nothing,G:\F2\F2_20240518\B92C0776.WAV,1475.60017004523,1480.2134087274735,4.613238682243491,47,data\results\fragments_combined\fragments_32khz,test
535,data\results\fragments_combined\fragments_32khz\Nothing\B92C0776_idx535.npy,Nothing,G:\F2\F2_20240518\B92C0776.WAV,1477.131644423052,1486.7495023851795,9.617857962127571,97,data\results\fragments_combined\fragments_32khz,test
536,data\results\fragments_combined\fragments_32khz\Nothing\B92C0776_idx536.npy,Nothing,G:\F2\F2_20240518\B92C0776.WAV,95.63232151399492,98.46995432329184,2.8376328092969203,29,data\results\fragments_combined\fragments_32khz,train
537,data\results\fragments_combined\fragments_32khz\Nothing\B92C0776_idx537.npy,Nothing,G:\F2\F2_20240518\B92C0776.WAV,455.5304981176919,460.3541176206036,4.823619502911697,49,data\results\fragments_combined\fragments_32khz,val
538,data\results\fragments_combined\fragments_32khz\Nothing\B92C0776_idx538.npy,Nothing,G:\F2\F2_20240518\B92C0776.WAV,1501.136369129188,1502.1204937136497,0.9841245844615968,10,data\results\fragments_combined\fragments_32khz,train
539,data\results\fragments_combined\fragments_32khz\Nothing\B92C0777_idx539.npy,Nothing,G:\F2\F2_20240518\B92C0777.WAV,1461.269526398636,1465.4223179895405,4.152791590904599,42,data\results\fragments_combined\fragments_32khz,train
540,data\results\fragments_combined\fragments_32khz\Nothing\B92C0777_idx540.npy,Nothing,G:\F2\F2_20240518\B92C0777.WAV,206.4140530419696,208.8807481864553,2.4666951444856977,25,data\results\fragments_combined\fragments_32khz,test
541,data\results\fragments_combined\fragments_32khz\Nothing\B92C0777_idx541.npy,Nothing,G:\F2\F2_20240518\B92C0777.WAV,1.131856652823965,5.376051536015892,4.244194883191927,43,data\results\fragments_combined\fragments_32khz,val
542,data\results\fragments_combined\fragments_32khz\Nothing\B92C0777_idx542.npy,Nothing,G:\F2\F2_20240518\B92C0777.WAV,590.3296834337468,591.8943519582344,1.5646685244876153,16,data\results\fragments_combined\fragments_32khz,train
543,data\results\fragments_combined\fragments_32khz\Nothing\B92C0777_idx543.npy,Nothing,G:\F2\F2_20240518\B92C0777.WAV,335.4475434769068,335.95925757076986,0.5117140938630769,6,data\results\fragments_combined\fragments_32khz,val
544,data\results\fragments_combined\fragments_32khz\Nothing\B92C1148_idx544.npy,Nothing,G:\F2\F2_20240603\B92C1148.WAV,983.2543262402272,986.9187207698282,3.6643945296009406,37,data\results\fragments_combined\fragments_32khz,train
545,data\results\fragments_combined\fragments_32khz\Nothing\B92C1148_idx545.npy,Nothing,G:\F2\F2_20240603\B92C1148.WAV,93.16975624662751,101.08527705313008,7.91552080650257,80,data\results\fragments_combined\fragments_32khz,test
546,data\results\fragments_combined\fragments_32khz\Nothing\B92C1148_idx546.npy,Nothing,G:\F2\F2_20240603\B92C1148.WAV,713.2536217697314,716.8172809589248,3.5636591891934586,36,data\results\fragments_combined\fragments_32khz,test
547,data\results\fragments_combined\fragments_32khz\Nothing\B92C1148_idx547.npy,Nothing,G:\F2\F2_20240603\B92C1148.WAV,692.5637323699787,697.6224346752138,5.058702305235101,51,data\results\fragments_combined\fragments_32khz,val
548,data\results\fragments_combined\fragments_32khz\Nothing\B92C1148_idx548.npy,Nothing,G:\F2\F2_20240603\B92C1148.WAV,1696.869322762374,1700.5113123118952,3.641989549521213,37,data\results\fragments_combined\fragments_32khz,train
549,data\results\fragments_combined\fragments_32khz\Nothing\B92C1149_idx549.npy,Nothing,G:\F2\F2_20240603\B92C1149.WAV,282.5058588972676,283.46726715081365,0.9614082535460398,10,data\results\fragments_combined\fragments_32khz,train
550,data\results\fragments_combined\fragments_32khz\Nothing\B92C1149_idx550.npy,Nothing,G:\F2\F2_20240603\B92C1149.WAV,272.8262872755445,274.7556003853405,1.9293131097959983,20,data\results\fragments_combined\fragments_32khz,train
551,data\results\fragments_combined\fragments_32khz\Nothing\B92C1149_idx551.npy,Nothing,G:\F2\F2_20240603\B92C1149.WAV,1.7882772980870916,3.601228328653134,1.8129510305660423,19,data\results\fragments_combined\fragments_32khz,train
552,data\results\fragments_combined\fragments_32khz\Nothing\B92C1149_idx552.npy,Nothing,G:\F2\F2_20240603\B92C1149.WAV,1337.7167182731232,1340.005777033831,2.2890587607078032,23,data\results\fragments_combined\fragments_32khz,val
553,data\results\fragments_combined\fragments_32khz\Nothing\B92C1149_idx553.npy,Nothing,G:\F2\F2_20240603\B92C1149.WAV,460.6992422351984,462.2502221770393,1.5509799418408647,16,data\results\fragments_combined\fragments_32khz,test
554,data\results\fragments_combined\fragments_32khz\Nothing\B92C1160_idx554.npy,Nothing,G:\F2\F2_20240603\B92C1160.WAV,1051.926429188058,1057.8339436671492,5.907514479091333,60,data\results\fragments_combined\fragments_32khz,train
555,data\results\fragments_combined\fragments_32khz\Nothing\B92C1160_idx555.npy,Nothing,G:\F2\F2_20240603\B92C1160.WAV,1147.0170863736907,1155.5867220380435,8.569635664352745,86,data\results\fragments_combined\fragments_32khz,train
556,data\results\fragments_combined\fragments_32khz\Nothing\B92C1160_idx556.npy,Nothing,G:\F2\F2_20240603\B92C1160.WAV,134.3627095632106,140.74434088426685,6.381631321056261,64,data\results\fragments_combined\fragments_32khz,train
557,data\results\fragments_combined\fragments_32khz\Nothing\B92C1160_idx557.npy,Nothing,G:\F2\F2_20240603\B92C1160.WAV,1359.0419558694912,1366.8848610567763,7.842905187285169,79,data\results\fragments_combined\fragments_32khz,val
558,data\results\fragments_combined\fragments_32khz\Nothing\B92C1160_idx558.npy,Nothing,G:\F2\F2_20240603\B92C1160.WAV,1474.6972686643774,1483.9258086329528,9.228539968575433,93,data\results\fragments_combined\fragments_32khz,train
559,data\results\fragments_combined\fragments_32khz\Nothing\B92C1161_idx559.npy,Nothing,G:\F2\F2_20240603\B92C1161.WAV,955.5591726512802,961.7917049674468,6.232532316166612,63,data\results\fragments_combined\fragments_32khz,train
560,data\results\fragments_combined\fragments_32khz\Nothing\B92C1161_idx560.npy,Nothing,G:\F2\F2_20240603\B92C1161.WAV,898.2886470662211,906.513660851512,8.225013785290912,83,data\results\fragments_combined\fragments_32khz,train
561,data\results\fragments_combined\fragments_32khz\Nothing\B92C1161_idx561.npy,Nothing,G:\F2\F2_20240603\B92C1161.WAV,117.98056701325064,126.0730954745448,8.092528461294165,81,data\results\fragments_combined\fragments_32khz,train
562,data\results\fragments_combined\fragments_32khz\Nothing\B92C1161_idx562.npy,Nothing,G:\F2\F2_20240603\B92C1161.WAV,55.87075273044651,60.30400062144426,4.433247890997748,45,data\results\fragments_combined\fragments_32khz,val
563,data\results\fragments_combined\fragments_32khz\Nothing\B92C1161_idx563.npy,Nothing,G:\F2\F2_20240603\B92C1161.WAV,1.0410192642078182,1.8244495801549443,0.7834303159471261,8,data\results\fragments_combined\fragments_32khz,val
564,data\results\fragments_combined\fragments_32khz\Nothing\B92C1525_idx564.npy,Nothing,G:\F2\F2_20240619\B92C1525.WAV,1565.1799585750548,1565.860782979321,0.6808244042661045,7,data\results\fragments_combined\fragments_32khz,train
565,data\results\fragments_combined\fragments_32khz\Nothing\B92C1525_idx565.npy,Nothing,G:\F2\F2_20240619\B92C1525.WAV,1112.2083607197037,1119.4352274586977,7.226866738993976,73,data\results\fragments_combined\fragments_32khz,val
566,data\results\fragments_combined\fragments_32khz\Nothing\B92C1525_idx566.npy,Nothing,G:\F2\F2_20240619\B92C1525.WAV,896.4389021543295,899.9518572800644,3.512955125734834,36,data\results\fragments_combined\fragments_32khz,train
567,data\results\fragments_combined\fragments_32khz\Nothing\B92C1525_idx567.npy,Nothing,G:\F2\F2_20240619\B92C1525.WAV,1601.5562190130138,1603.2534692596068,1.6972502465930577,17,data\results\fragments_combined\fragments_32khz,val
568,data\results\fragments_combined\fragments_32khz\Nothing\B92C1525_idx568.npy,Nothing,G:\F2\F2_20240619\B92C1525.WAV,763.990719022976,771.0751255788082,7.084406555832175,71,data\results\fragments_combined\fragments_32khz,val
569,data\results\fragments_combined\fragments_32khz\Nothing\B92C1526_idx569.npy,Nothing,G:\F2\F2_20240619\B92C1526.WAV,1778.041587551404,1787.963445072727,9.921857521322863,100,data\results\fragments_combined\fragments_32khz,train
570,data\results\fragments_combined\fragments_32khz\Nothing\B92C1526_idx570.npy,Nothing,G:\F2\F2_20240619\B92C1526.WAV,1584.38824697669,1590.4423159009646,6.054068924274588,61,data\results\fragments_combined\fragments_32khz,train
571,data\results\fragments_combined\fragments_32khz\Nothing\B92C1526_idx571.npy,Nothing,G:\F2\F2_20240619\B92C1526.WAV,1131.5440246475646,1137.1379285721227,5.5939039245581625,56,data\results\fragments_combined\fragments_32khz,test
572,data\results\fragments_combined\fragments_32khz\Nothing\B92C1526_idx572.npy,Nothing,G:\F2\F2_20240619\B92C1526.WAV,1085.3111012443162,1088.4063795635743,3.0952783192581137,31,data\results\fragments_combined\fragments_32khz,train
573,data\results\fragments_combined\fragments_32khz\Nothing\B92C1526_idx573.npy,Nothing,G:\F2\F2_20240619\B92C1526.WAV,0.6595236277223524,3.959697963148601,3.3001743354262487,34,data\results\fragments_combined\fragments_32khz,val
574,data\results\fragments_combined\fragments_32khz\Nothing\B92C1537_idx574.npy,Nothing,G:\F2\F2_20240619\B92C1537.WAV,241.3484740066618,249.7928031866665,8.4443291800047,85,data\results\fragments_combined\fragments_32khz,val
575,data\results\fragments_combined\fragments_32khz\Nothing\B92C1537_idx575.npy,Nothing,G:\F2\F2_20240619\B92C1537.WAV,359.0710267125872,361.76819183961226,2.697165127025073,27,data\results\fragments_combined\fragments_32khz,train
576,data\results\fragments_combined\fragments_32khz\Nothing\B92C1537_idx576.npy,Nothing,G:\F2\F2_20240619\B92C1537.WAV,1180.2835046507691,1183.1933174631065,2.90981281233735,30,data\results\fragments_combined\fragments_32khz,train
577,data\results\fragments_combined\fragments_32khz\Nothing\B92C1537_idx577.npy,Nothing,G:\F2\F2_20240619\B92C1537.WAV,1350.804283049535,1355.0678648000976,4.263581750562707,43,data\results\fragments_combined\fragments_32khz,train
578,data\results\fragments_combined\fragments_32khz\Nothing\B92C1537_idx578.npy,Nothing,G:\F2\F2_20240619\B92C1537.WAV,1459.9614730519354,1467.356284581732,7.394811529796698,74,data\results\fragments_combined\fragments_32khz,train
579,data\results\fragments_combined\fragments_32khz\Nothing\B92C2228_idx579.npy,Nothing,G:\F2\F2_20240718\B92C2228.WAV,1353.5543175916628,1363.3967798135957,9.84246222193292,99,data\results\fragments_combined\fragments_32khz,val
580,data\results\fragments_combined\fragments_32khz\Nothing\B92C2228_idx580.npy,Nothing,G:\F2\F2_20240718\B92C2228.WAV,1640.3884899095342,1645.7770289024468,5.388538992912572,54,data\results\fragments_combined\fragments_32khz,train
581,data\results\fragments_combined\fragments_32khz\Nothing\B92C2228_idx581.npy,Nothing,G:\F2\F2_20240718\B92C2228.WAV,420.8517119429577,426.2938975798946,5.44218563693687,55,data\results\fragments_combined\fragments_32khz,train
582,data\results\fragments_combined\fragments_32khz\Nothing\B92C2228_idx582.npy,Nothing,G:\F2\F2_20240718\B92C2228.WAV,1338.6463106965612,1340.0399943459104,1.3936836493492135,14,data\results\fragments_combined\fragments_32khz,train
583,data\results\fragments_combined\fragments_32khz\Nothing\B92C2228_idx583.npy,Nothing,G:\F2\F2_20240718\B92C2228.WAV,1151.0406134875,1158.0251386704876,6.9845251829876815,70,data\results\fragments_combined\fragments_32khz,train
584,data\results\fragments_combined\fragments_32khz\Nothing\B92C2229_idx584.npy,Nothing,G:\F2\F2_20240718\B92C2229.WAV,3.903695583400924,13.538417064040733,9.634721480639808,97,data\results\fragments_combined\fragments_32khz,train
585,data\results\fragments_combined\fragments_32khz\Nothing\B92C2229_idx585.npy,Nothing,G:\F2\F2_20240718\B92C2229.WAV,18.74231669882802,27.4026538741263,8.660337175298281,87,data\results\fragments_combined\fragments_32khz,train
586,data\results\fragments_combined\fragments_32khz\Nothing\B92C2229_idx586.npy,Nothing,G:\F2\F2_20240718\B92C2229.WAV,19.57155086801581,22.08695123948717,2.5154003714713618,26,data\results\fragments_combined\fragments_32khz,train
587,data\results\fragments_combined\fragments_32khz\Nothing\B92C2229_idx587.npy,Nothing,G:\F2\F2_20240718\B92C2229.WAV,7.715058705201241,16.559533176403857,8.844474471202616,89,data\results\fragments_combined\fragments_32khz,train
588,data\results\fragments_combined\fragments_32khz\Nothing\B92C2229_idx588.npy,Nothing,G:\F2\F2_20240718\B92C2229.WAV,17.39103055705317,22.80271568212275,5.411685125069578,55,data\results\fragments_combined\fragments_32khz,val
589,data\results\fragments_combined\fragments_32khz\Nothing\B92C2231_idx589.npy,Nothing,G:\F2\F2_20240718\B92C2231.WAV,1598.7992013391097,1606.7373225743572,7.938121235247536,80,data\results\fragments_combined\fragments_32khz,test
590,data\results\fragments_combined\fragments_32khz\Nothing\B92C2231_idx590.npy,Nothing,G:\F2\F2_20240718\B92C2231.WAV,1626.5320254992182,1628.0258689188636,1.4938434196453727,15,data\results\fragments_combined\fragments_32khz,val
591,data\results\fragments_combined\fragments_32khz\Nothing\B92C2231_idx591.npy,Nothing,G:\F2\F2_20240718\B92C2231.WAV,1652.4548296772496,1660.5367553175238,8.081925640274221,81,data\results\fragments_combined\fragments_32khz,val
592,data\results\fragments_combined\fragments_32khz\Nothing\B92C2231_idx592.npy,Nothing,G:\F2\F2_20240718\B92C2231.WAV,1293.536597340811,1295.9783723280848,2.441774987273675,25,data\results\fragments_combined\fragments_32khz,train
593,data\results\fragments_combined\fragments_32khz\Nothing\B92C2231_idx593.npy,Nothing,G:\F2\F2_20240718\B92C2231.WAV,1583.6486083996383,1593.4512424198574,9.802634020219102,99,data\results\fragments_combined\fragments_32khz,test
594,data\results\fragments_combined\fragments_32khz\Nothing\B92C2232_idx594.npy,Nothing,G:\F2\F2_20240718\B92C2232.WAV,1498.562087015614,1505.8955560856768,7.333469070062847,74,data\results\fragments_combined\fragments_32khz,train
595,data\results\fragments_combined\fragments_32khz\Nothing\B92C2232_idx595.npy,Nothing,G:\F2\F2_20240718\B92C2232.WAV,1604.9164820095248,1608.4482406512216,3.531758641696797,36,data\results\fragments_combined\fragments_32khz,train
596,data\results\fragments_combined\fragments_32khz\Nothing\B92C2232_idx596.npy,Nothing,G:\F2\F2_20240718\B92C2232.WAV,268.8314779564081,274.85087700701456,6.0193990506064665,61,data\results\fragments_combined\fragments_32khz,test
597,data\results\fragments_combined\fragments_32khz\Nothing\B92C2232_idx597.npy,Nothing,G:\F2\F2_20240718\B92C2232.WAV,233.162004001986,242.54812701286767,9.386123010881676,94,data\results\fragments_combined\fragments_32khz,train
598,data\results\fragments_combined\fragments_32khz\Nothing\B92C2232_idx598.npy,Nothing,G:\F2\F2_20240718\B92C2232.WAV,217.48394797590387,219.8529986930349,2.3690507171310173,24,data\results\fragments_combined\fragments_32khz,train
599,data\results\fragments_combined\fragments_32khz\Nothing\B92C2233_idx599.npy,Nothing,G:\F2\F2_20240718\B92C2233.WAV,94.96452852575312,96.7100611095022,1.7455325837490818,18,data\results\fragments_combined\fragments_32khz,train
600,data\results\fragments_combined\fragments_32khz\Nothing\B92C2233_idx600.npy,Nothing,G:\F2\F2_20240718\B92C2233.WAV,66.06814045776333,73.07148015500327,7.003339697239937,71,data\results\fragments_combined\fragments_32khz,train
601,data\results\fragments_combined\fragments_32khz\Nothing\B92C2233_idx601.npy,Nothing,G:\F2\F2_20240718\B92C2233.WAV,88.05917237910899,90.87334146001577,2.81416908090678,29,data\results\fragments_combined\fragments_32khz,train
602,data\results\fragments_combined\fragments_32khz\Nothing\B92C2233_idx602.npy,Nothing,G:\F2\F2_20240718\B92C2233.WAV,226.4088492382967,234.06714258679915,7.65829334850244,77,data\results\fragments_combined\fragments_32khz,train
603,data\results\fragments_combined\fragments_32khz\Nothing\B92C2233_idx603.npy,Nothing,G:\F2\F2_20240718\B92C2233.WAV,543.3012004706011,545.7210374362331,2.419836965632044,25,data\results\fragments_combined\fragments_32khz,test
604,data\results\fragments_combined\fragments_32khz\Nothing\B92C2606_idx604.npy,Nothing,G:\F2\F2_20240803\B92C2606.WAV,170.2350527593973,175.69416962237915,5.459116862981858,55,data\results\fragments_combined\fragments_32khz,test
605,data\results\fragments_combined\fragments_32khz\Nothing\B92C2606_idx605.npy,Nothing,G:\F2\F2_20240803\B92C2606.WAV,318.1183699763951,319.0475145877947,0.9291446113995788,10,data\results\fragments_combined\fragments_32khz,train
606,data\results\fragments_combined\fragments_32khz\Nothing\B92C2606_idx606.npy,Nothing,G:\F2\F2_20240803\B92C2606.WAV,323.0749042897081,332.6885615922464,9.613657302538286,97,data\results\fragments_combined\fragments_32khz,train
607,data\results\fragments_combined\fragments_32khz\Nothing\B92C2606_idx607.npy,Nothing,G:\F2\F2_20240803\B92C2606.WAV,949.388785011898,950.9403597151792,1.551574703281176,16,data\results\fragments_combined\fragments_32khz,test
608,data\results\fragments_combined\fragments_32khz\Nothing\B92C2606_idx608.npy,Nothing,G:\F2\F2_20240803\B92C2606.WAV,577.1585731287057,580.4589256496639,3.3003525209581994,34,data\results\fragments_combined\fragments_32khz,val
609,data\results\fragments_combined\fragments_32khz\Nothing\B92C2611_idx609.npy,Nothing,G:\F2\F2_20240803\B92C2611.WAV,1775.952893065158,1785.0184906740392,9.065597608881262,91,data\results\fragments_combined\fragments_32khz,val
610,data\results\fragments_combined\fragments_32khz\Nothing\B92C2611_idx610.npy,Nothing,G:\F2\F2_20240803\B92C2611.WAV,886.5229942275487,896.3554777170417,9.832483489493027,99,data\results\fragments_combined\fragments_32khz,train
611,data\results\fragments_combined\fragments_32khz\Nothing\B92C2611_idx611.npy,Nothing,G:\F2\F2_20240803\B92C2611.WAV,1359.3479636290897,1361.1570022204037,1.8090385913139928,19,data\results\fragments_combined\fragments_32khz,val
612,data\results\fragments_combined\fragments_32khz\Nothing\B92C2611_idx612.npy,Nothing,G:\F2\F2_20240803\B92C2611.WAV,715.9904038085622,717.4116937512642,1.4212899427020602,15,data\results\fragments_combined\fragments_32khz,train
613,data\results\fragments_combined\fragments_32khz\Nothing\B92C2611_idx613.npy,Nothing,G:\F2\F2_20240803\B92C2611.WAV,732.2889472298976,738.6481309311321,6.3591837012344286,64,data\results\fragments_combined\fragments_32khz,test
614,data\results\fragments_combined\fragments_32khz\Nothing\B92C2613_idx614.npy,Nothing,G:\F2\F2_20240803\B92C2613.WAV,906.6256248442348,909.5315518510369,2.905927006802017,30,data\results\fragments_combined\fragments_32khz,train
615,data\results\fragments_combined\fragments_32khz\Nothing\B92C2613_idx615.npy,Nothing,G:\F2\F2_20240803\B92C2613.WAV,780.0118985332267,786.0620632038083,6.05016467058158,61,data\results\fragments_combined\fragments_32khz,val
616,data\results\fragments_combined\fragments_32khz\Nothing\B92C2613_idx616.npy,Nothing,G:\F2\F2_20240803\B92C2613.WAV,1363.5105140229518,1366.822826220597,3.3123121976452694,34,data\results\fragments_combined\fragments_32khz,train
617,data\results\fragments_combined\fragments_32khz\Nothing\B92C2613_idx617.npy,Nothing,G:\F2\F2_20240803\B92C2613.WAV,818.2182876416579,825.9384298732261,7.720142231568275,78,data\results\fragments_combined\fragments_32khz,val
618,data\results\fragments_combined\fragments_32khz\Nothing\B92C2613_idx618.npy,Nothing,G:\F2\F2_20240803\B92C2613.WAV,1156.7315264468966,1159.19625495828,2.464728511383328,25,data\results\fragments_combined\fragments_32khz,train
619,data\results\fragments_combined\fragments_32khz\Nothing\B92C2614_idx619.npy,Nothing,G:\F2\F2_20240803\B92C2614.WAV,1710.8503269613743,1719.863486744399,9.013159783024776,91,data\results\fragments_combined\fragments_32khz,train
620,data\results\fragments_combined\fragments_32khz\Nothing\B92C2614_idx620.npy,Nothing,G:\F2\F2_20240803\B92C2614.WAV,303.7694883534114,306.78261655934887,3.0131282059374485,31,data\results\fragments_combined\fragments_32khz,train
621,data\results\fragments_combined\fragments_32khz\Nothing\B92C2614_idx621.npy,Nothing,G:\F2\F2_20240803\B92C2614.WAV,1744.06399684239,1748.4928921898347,4.428895347444723,45,data\results\fragments_combined\fragments_32khz,val
622,data\results\fragments_combined\fragments_32khz\Nothing\B92C2614_idx622.npy,Nothing,G:\F2\F2_20240803\B92C2614.WAV,1783.0534438847794,1785.8834041285,2.8299602437205067,29,data\results\fragments_combined\fragments_32khz,train
623,data\results\fragments_combined\fragments_32khz\Nothing\B92C2614_idx623.npy,Nothing,G:\F2\F2_20240803\B92C2614.WAV,1732.2178337180633,1741.0262975466912,8.808463828627964,89,data\results\fragments_combined\fragments_32khz,train
624,data\results\fragments_combined\fragments_32khz\Nothing\B92C2967_idx624.npy,Nothing,G:\F2\F2_20240818\B92C2967.WAV,1054.2214241996403,1059.7645029453747,5.54307874573442,56,data\results\fragments_combined\fragments_32khz,test
625,data\results\fragments_combined\fragments_32khz\Nothing\B92C2967_idx625.npy,Nothing,G:\F2\F2_20240818\B92C2967.WAV,761.8760892897575,763.9080028868508,2.0319135970933075,21,data\results\fragments_combined\fragments_32khz,train
626,data\results\fragments_combined\fragments_32khz\Nothing\B92C2967_idx626.npy,Nothing,G:\F2\F2_20240818\B92C2967.WAV,415.9856061840308,424.92150005578384,8.935893871753024,90,data\results\fragments_combined\fragments_32khz,train
627,data\results\fragments_combined\fragments_32khz\Nothing\B92C2967_idx627.npy,Nothing,G:\F2\F2_20240818\B92C2967.WAV,1333.7461272326857,1338.906902430048,5.160775197362227,52,data\results\fragments_combined\fragments_32khz,val
628,data\results\fragments_combined\fragments_32khz\Nothing\B92C2967_idx628.npy,Nothing,G:\F2\F2_20240818\B92C2967.WAV,943.4048701223552,949.0022662513376,5.597396128982382,56,data\results\fragments_combined\fragments_32khz,val
629,data\results\fragments_combined\fragments_32khz\Nothing\B92C2968_idx629.npy,Nothing,G:\F2\F2_20240818\B92C2968.WAV,344.7498145385751,346.44362114082617,1.6938066022510725,17,data\results\fragments_combined\fragments_32khz,val
630,data\results\fragments_combined\fragments_32khz\Nothing\B92C2968_idx630.npy,Nothing,G:\F2\F2_20240818\B92C2968.WAV,599.0012540439732,604.0805462600435,5.079292216070371,51,data\results\fragments_combined\fragments_32khz,train
631,data\results\fragments_combined\fragments_32khz\Nothing\B92C2968_idx631.npy,Nothing,G:\F2\F2_20240818\B92C2968.WAV,661.9733007924463,667.7402580368256,5.766957244379341,58,data\results\fragments_combined\fragments_32khz,train
632,data\results\fragments_combined\fragments_32khz\Nothing\B92C2968_idx632.npy,Nothing,G:\F2\F2_20240818\B92C2968.WAV,535.4540769210796,538.3593306792823,2.9052537582026616,30,data\results\fragments_combined\fragments_32khz,val
633,data\results\fragments_combined\fragments_32khz\Nothing\B92C2968_idx633.npy,Nothing,G:\F2\F2_20240818\B92C2968.WAV,113.99017842233096,123.20023829480832,9.21005987247736,93,data\results\fragments_combined\fragments_32khz,train
634,data\results\fragments_combined\fragments_32khz\Nothing\B92C2971_idx634.npy,Nothing,G:\F2\F2_20240818\B92C2971.WAV,269.9893443026152,276.2665718158038,6.277227513188564,63,data\results\fragments_combined\fragments_32khz,train
635,data\results\fragments_combined\fragments_32khz\Nothing\B92C2971_idx635.npy,Nothing,G:\F2\F2_20240818\B92C2971.WAV,963.1377009448312,968.6906188126188,5.552917867787642,56,data\results\fragments_combined\fragments_32khz,train
636,data\results\fragments_combined\fragments_32khz\Nothing\B92C2971_idx636.npy,Nothing,G:\F2\F2_20240818\B92C2971.WAV,497.3254844984865,507.2172215344224,9.891737035935876,99,data\results\fragments_combined\fragments_32khz,train
637,data\results\fragments_combined\fragments_32khz\Nothing\B92C2971_idx637.npy,Nothing,G:\F2\F2_20240818\B92C2971.WAV,1300.438078376501,1305.3912916981335,4.953213321632575,50,data\results\fragments_combined\fragments_32khz,val
638,data\results\fragments_combined\fragments_32khz\Nothing\B92C2971_idx638.npy,Nothing,G:\F2\F2_20240818\B92C2971.WAV,993.808822933338,1003.055148586937,9.246325653599,93,data\results\fragments_combined\fragments_32khz,train
639,data\results\fragments_combined\fragments_32khz\Nothing\B92C2974_idx639.npy,Nothing,G:\F2\F2_20240818\B92C2974.WAV,859.5096866652383,863.2625215949392,3.7528349297009527,38,data\results\fragments_combined\fragments_32khz,train
640,data\results\fragments_combined\fragments_32khz\Nothing\B92C2974_idx640.npy,Nothing,G:\F2\F2_20240818\B92C2974.WAV,856.5073908111846,862.9231238885725,6.415733077387927,65,data\results\fragments_combined\fragments_32khz,val
641,data\results\fragments_combined\fragments_32khz\Nothing\B92C2974_idx641.npy,Nothing,G:\F2\F2_20240818\B92C2974.WAV,1745.7139734082052,1748.2275422134703,2.513568805265095,26,data\results\fragments_combined\fragments_32khz,train
642,data\results\fragments_combined\fragments_32khz\Nothing\B92C2974_idx642.npy,Nothing,G:\F2\F2_20240818\B92C2974.WAV,2.4957256749961143,7.156626902739654,4.66090122774354,47,data\results\fragments_combined\fragments_32khz,train
643,data\results\fragments_combined\fragments_32khz\Nothing\B92C2974_idx643.npy,Nothing,G:\F2\F2_20240818\B92C2974.WAV,1306.466815947843,1316.4038166827495,9.937000734906404,100,data\results\fragments_combined\fragments_32khz,train
644,data\results\fragments_combined\fragments_32khz\Nothing\B92C2975_idx644.npy,Nothing,G:\F2\F2_20240818\B92C2975.WAV,1657.8547469283897,1658.944346440521,1.0895995121313715,11,data\results\fragments_combined\fragments_32khz,val
645,data\results\fragments_combined\fragments_32khz\Nothing\B92C2975_idx645.npy,Nothing,G:\F2\F2_20240818\B92C2975.WAV,1704.8676324493958,1706.814736195893,1.9471037464970775,20,data\results\fragments_combined\fragments_32khz,val
646,data\results\fragments_combined\fragments_32khz\Nothing\B92C2975_idx646.npy,Nothing,G:\F2\F2_20240818\B92C2975.WAV,509.6055335791113,513.8383437990285,4.232810219917212,43,data\results\fragments_combined\fragments_32khz,train
647,data\results\fragments_combined\fragments_32khz\Nothing\B92C2975_idx647.npy,Nothing,G:\F2\F2_20240818\B92C2975.WAV,1775.85309743839,1783.2518086580371,7.398711219647112,74,data\results\fragments_combined\fragments_32khz,val
648,data\results\fragments_combined\fragments_32khz\Nothing\B92C2975_idx648.npy,Nothing,G:\F2\F2_20240818\B92C2975.WAV,1687.6525272690233,1694.4220646297515,6.769537360728236,68,data\results\fragments_combined\fragments_32khz,train
649,data\results\fragments_combined\fragments_32khz\Nothing\B92C2977_idx649.npy,Nothing,G:\F2\F2_20240818\B92C2977.WAV,779.5273336578995,789.0529140568316,9.525580398932108,96,data\results\fragments_combined\fragments_32khz,train
650,data\results\fragments_combined\fragments_32khz\Nothing\B92C2977_idx650.npy,Nothing,G:\F2\F2_20240818\B92C2977.WAV,209.9006202918676,212.08435755373569,2.183737261868089,22,data\results\fragments_combined\fragments_32khz,train
651,data\results\fragments_combined\fragments_32khz\Nothing\B92C2977_idx651.npy,Nothing,G:\F2\F2_20240818\B92C2977.WAV,947.8705988383648,948.7530093677942,0.8824105294294213,9,data\results\fragments_combined\fragments_32khz,train
652,data\results\fragments_combined\fragments_32khz\Nothing\B92C2977_idx652.npy,Nothing,G:\F2\F2_20240818\B92C2977.WAV,1778.4707134502246,1787.4493465022542,8.978633052029636,90,data\results\fragments_combined\fragments_32khz,train
653,data\results\fragments_combined\fragments_32khz\Nothing\B92C2977_idx653.npy,Nothing,G:\F2\F2_20240818\B92C2977.WAV,1270.1781273021988,1275.7265585123723,5.548431210173476,56,data\results\fragments_combined\fragments_32khz,val
654,data\results\fragments_combined\fragments_32khz\Nothing\B92C2978_idx654.npy,Nothing,G:\F2\F2_20240818\B92C2978.WAV,975.2883281185613,978.6618907893716,3.3735626708103155,34,data\results\fragments_combined\fragments_32khz,train
655,data\results\fragments_combined\fragments_32khz\Nothing\B92C2978_idx655.npy,Nothing,G:\F2\F2_20240818\B92C2978.WAV,1213.0416445805872,1220.55749635111,7.515851770522886,76,data\results\fragments_combined\fragments_32khz,train
656,data\results\fragments_combined\fragments_32khz\Nothing\B92C2978_idx656.npy,Nothing,G:\F2\F2_20240818\B92C2978.WAV,1148.4014808994734,1155.739414982178,7.337934082704578,74,data\results\fragments_combined\fragments_32khz,train
657,data\results\fragments_combined\fragments_32khz\Nothing\B92C2978_idx657.npy,Nothing,G:\F2\F2_20240818\B92C2978.WAV,332.5759320321906,341.69325213783094,9.117320105640315,92,data\results\fragments_combined\fragments_32khz,train
658,data\results\fragments_combined\fragments_32khz\Nothing\B92C2978_idx658.npy,Nothing,G:\F2\F2_20240818\B92C2978.WAV,1026.495841969747,1030.2482850860977,3.752443116350605,38,data\results\fragments_combined\fragments_32khz,test
659,data\results\fragments_combined\fragments_32khz\Nothing\B92C2979_idx659.npy,Nothing,G:\F2\F2_20240818\B92C2979.WAV,162.04099049345763,166.72146652167638,4.680476028218749,47,data\results\fragments_combined\fragments_32khz,train
660,data\results\fragments_combined\fragments_32khz\Nothing\B92C2979_idx660.npy,Nothing,G:\F2\F2_20240818\B92C2979.WAV,97.39016925897516,104.23132352886935,6.84115426989419,69,data\results\fragments_combined\fragments_32khz,train
661,data\results\fragments_combined\fragments_32khz\Nothing\B92C2979_idx661.npy,Nothing,G:\F2\F2_20240818\B92C2979.WAV,225.6225244755061,232.420166760502,6.797642284995902,68,data\results\fragments_combined\fragments_32khz,test
662,data\results\fragments_combined\fragments_32khz\Nothing\B92C2979_idx662.npy,Nothing,G:\F2\F2_20240818\B92C2979.WAV,119.0819178843549,121.46111143331728,2.379193548962391,24,data\results\fragments_combined\fragments_32khz,train
663,data\results\fragments_combined\fragments_32khz\Nothing\B92C2979_idx663.npy,Nothing,G:\F2\F2_20240818\B92C2979.WAV,1100.9113629585734,1109.587351771837,8.67598881326353,87,data\results\fragments_combined\fragments_32khz,train
